町丁目名,区市町名
飯田橋１丁目,1
飯田橋２丁目,1
飯田橋３丁目,1
飯田橋４丁目,1
一番町,1
岩本町１丁目,1
岩本町２丁目,1
岩本町３丁目,1
内神田１丁目,1
内神田２丁目,1
内神田３丁目,1
内幸町１丁目,1
内幸町２丁目,1
大手町１丁目,1
大手町２丁目,1
鍛冶町１丁目,1
鍛冶町２丁目,1
霞が関１丁目,1
霞が関２丁目,1
霞が関３丁目,1
神田相生町,1
神田淡路町１丁目,1
神田淡路町２丁目,1
神田和泉町,1
神田岩本町,1
神田小川町１丁目,1
神田小川町２丁目,1
神田小川町３丁目,1
神田鍛冶町３丁目,1
神田北乗物町,1
神田紺屋町,1
神田佐久間河岸,1
神田佐久間町１丁目,1
神田佐久間町２丁目,1
神田佐久間町３丁目,1
神田佐久間町４丁目,1
神田神保町１丁目,1
神田神保町２丁目,1
神田神保町３丁目,1
神田須田町１丁目,1
神田須田町２丁目,1
神田駿河台１丁目,1
神田駿河台２丁目,1
神田駿河台３丁目,1
神田駿河台４丁目,1
神田多町２丁目,1
神田司町２丁目,1
神田富山町,1
神田錦町１丁目,1
神田錦町２丁目,1
神田錦町３丁目,1
神田西福田町,1
神田練塀町,1
神田花岡町,1
神田東紺屋町,1
神田東松下町,1
神田平河町,1
神田松永町,1
神田美倉町,1
神田美土代町,1
紀尾井町,1
北の丸公園,1
九段北１丁目,1
九段北２丁目,1
九段北３丁目,1
九段北４丁目,1
九段南１丁目,1
九段南２丁目,1
九段南３丁目,1
九段南４丁目,1
皇居外苑,1
麹町１丁目,1
麹町２丁目,1
麹町３丁目,1
麹町４丁目,1
麹町５丁目,1
麹町６丁目,1
五番町,1
猿楽町１丁目,1
猿楽町２丁目,1
三番町,1
外神田１丁目,1
外神田２丁目,1
外神田３丁目,1
外神田４丁目,1
外神田５丁目,1
外神田６丁目,1
千代田,1
永田町１丁目,1
永田町２丁目,1
西神田１丁目,1
西神田２丁目,1
西神田３丁目,1
二番町,1
隼町,1
東神田１丁目,1
東神田２丁目,1
東神田３丁目,1
一ツ橋１丁目,1
一ツ橋２丁目,1
日比谷公園,1
平河町１丁目,1
平河町２丁目,1
富士見１丁目,1
富士見２丁目,1
丸の内１丁目,1
丸の内２丁目,1
丸の内３丁目,1
三崎町１丁目,1
三崎町２丁目,1
三崎町３丁目,1
有楽町１丁目,1
有楽町２丁目,1
四番町,1
六番町,1
明石町,2
入船１丁目,2
入船２丁目,2
入船３丁目,2
勝どき１丁目,2
勝どき２丁目,2
勝どき３丁目,2
勝どき４丁目,2
勝どき５丁目,2
勝どき６丁目,2
京橋１丁目,2
京橋２丁目,2
京橋３丁目,2
銀座１丁目,2
銀座２丁目,2
銀座３丁目,2
銀座４丁目,2
銀座５丁目,2
銀座６丁目,2
銀座７丁目,2
銀座８丁目,2
新川１丁目,2
新川２丁目,2
新富１丁目,2
新富２丁目,2
月島１丁目,2
月島２丁目,2
月島３丁目,2
月島４丁目,2
築地１丁目,2
築地２丁目,2
築地３丁目,2
築地４丁目,2
築地５丁目,2
築地６丁目,2
築地７丁目,2
佃１丁目,2
佃２丁目,2
佃３丁目,2
豊海町,2
日本橋１丁目,2
日本橋２丁目,2
日本橋３丁目,2
日本橋大伝馬町,2
日本橋蛎殻町１丁目,2
日本橋蛎殻町２丁目,2
日本橋兜町,2
日本橋茅場町１丁目,2
日本橋茅場町２丁目,2
日本橋茅場町３丁目,2
日本橋小網町,2
日本橋小伝馬町,2
日本橋小舟町,2
日本橋富沢町,2
日本橋中洲,2
日本橋人形町１丁目,2
日本橋人形町２丁目,2
日本橋人形町３丁目,2
日本橋箱崎町,2
日本橋浜町１丁目,2
日本橋浜町２丁目,2
日本橋浜町３丁目,2
日本橋馬喰町１丁目,2
日本橋馬喰町２丁目,2
日本橋久松町,2
日本橋堀留町１丁目,2
日本橋堀留町２丁目,2
日本橋本石町１丁目,2
日本橋本石町２丁目,2
日本橋本石町３丁目,2
日本橋本石町４丁目,2
日本橋本町１丁目,2
日本橋本町２丁目,2
日本橋本町３丁目,2
日本橋本町４丁目,2
日本橋室町１丁目,2
日本橋室町２丁目,2
日本橋室町３丁目,2
日本橋室町４丁目,2
日本橋横山町,2
八丁堀１丁目,2
八丁堀２丁目,2
八丁堀３丁目,2
八丁堀４丁目,2
浜離宮庭園,2
晴海１丁目,2
晴海２丁目,2
晴海３丁目,2
晴海４丁目,2
晴海５丁目,2
東日本橋１丁目,2
東日本橋２丁目,2
東日本橋３丁目,2
湊１丁目,2
湊２丁目,2
湊３丁目,2
八重洲１丁目,2
八重洲２丁目,2
赤坂１丁目,3
赤坂２丁目,3
赤坂３丁目,3
赤坂４丁目,3
赤坂５丁目,3
赤坂６丁目,3
赤坂７丁目,3
赤坂８丁目,3
赤坂９丁目,3
麻布十番１丁目,3
麻布十番２丁目,3
麻布十番３丁目,3
麻布十番４丁目,3
麻布台１丁目,3
麻布台２丁目,3
麻布台３丁目,3
麻布永坂町,3
麻布狸穴町,3
愛宕１丁目,3
愛宕２丁目,3
海岸１丁目,3
海岸２丁目,3
海岸３丁目,3
北青山１丁目,3
北青山２丁目,3
北青山３丁目,3
港南１丁目,3
港南２丁目,3
港南３丁目,3
港南４丁目,3
港南５丁目,3
芝１丁目,3
芝２丁目,3
芝３丁目,3
芝４丁目,3
芝５丁目,3
芝浦１丁目,3
芝浦２丁目,3
芝浦３丁目,3
芝浦４丁目,3
芝公園１丁目,3
芝公園２丁目,3
芝公園３丁目,3
芝公園４丁目,3
芝大門１丁目,3
芝大門２丁目,3
白金１丁目,3
白金２丁目,3
白金３丁目,3
白金４丁目,3
白金５丁目,3
白金６丁目,3
白金台１丁目,3
白金台２丁目,3
白金台３丁目,3
白金台４丁目,3
白金台５丁目,3
新橋１丁目,3
新橋２丁目,3
新橋３丁目,3
新橋４丁目,3
新橋５丁目,3
新橋６丁目,3
高輪１丁目,3
高輪２丁目,3
高輪３丁目,3
高輪４丁目,3
虎ノ門１丁目,3
虎ノ門２丁目,3
虎ノ門３丁目,3
虎ノ門４丁目,3
虎ノ門５丁目,3
西麻布１丁目,3
西麻布２丁目,3
西麻布３丁目,3
西麻布４丁目,3
西新橋１丁目,3
西新橋２丁目,3
西新橋３丁目,3
浜松町１丁目,3
浜松町２丁目,3
東麻布１丁目,3
東麻布２丁目,3
東麻布３丁目,3
東新橋１丁目,3
東新橋２丁目,3
三田１丁目,3
三田２丁目,3
三田３丁目,3
三田４丁目,3
三田５丁目,3
南青山１丁目,3
南青山２丁目,3
南青山３丁目,3
南青山４丁目,3
南青山５丁目,3
南青山６丁目,3
南青山７丁目,3
南麻布１丁目,3
南麻布２丁目,3
南麻布３丁目,3
南麻布４丁目,3
南麻布５丁目,3
元赤坂１丁目,3
元赤坂２丁目,3
元麻布１丁目,3
元麻布２丁目,3
元麻布３丁目,3
六本木１丁目,3
六本木２丁目,3
六本木３丁目,3
六本木４丁目,3
六本木５丁目,3
六本木６丁目,3
六本木７丁目,3
台場１丁目,3
台場２丁目,3
愛住町,4
赤城下町,4
赤城元町,4
揚場町,4
荒木町,4
市谷加賀町１丁目,4
市谷加賀町２丁目,4
市谷甲良町,4
市谷砂土原町１丁目,4
市谷砂土原町２丁目,4
市谷砂土原町３丁目,4
市谷左内町,4
市谷鷹匠町,4
市谷田町１丁目,4
市谷田町２丁目,4
市谷田町３丁目,4
市谷台町,4
市谷長延寺町,4
市谷仲之町,4
市谷八幡町,4
市谷船河原町,4
市谷本村町,4
市谷薬王寺町,4
市谷柳町,4
市谷山伏町,4
岩戸町,4
榎町,4
大久保１丁目,4
大久保２丁目,4
大久保３丁目,4
改代町,4
神楽河岸,4
神楽坂１丁目,4
神楽坂２丁目,4
神楽坂３丁目,4
神楽坂４丁目,4
神楽坂５丁目,4
神楽坂６丁目,4
片町,4
歌舞伎町１丁目,4
歌舞伎町２丁目,4
上落合１丁目,4
上落合２丁目,4
上落合３丁目,4
喜久井町,4
北新宿１丁目,4
北新宿２丁目,4
北新宿３丁目,4
北新宿４丁目,4
北町,4
北山伏町,4
細工町,4
四谷坂町,4
左門町,4
三栄町,4
信濃町,4
下落合１丁目,4
下落合２丁目,4
下落合３丁目,4
下落合４丁目,4
下宮比町,4
白銀町,4
新小川町,4
新宿１丁目,4
新宿２丁目,4
新宿３丁目,4
新宿４丁目,4
新宿５丁目,4
新宿６丁目,4
新宿７丁目,4
水道町,4
須賀町,4
住吉町,4
高田馬場１丁目,4
高田馬場２丁目,4
高田馬場３丁目,4
高田馬場４丁目,4
箪笥町,4
大京町,4
築地町,4
筑土八幡町,4
津久戸町,4
天神町,4
戸塚町１丁目,4
内藤町,4
中井１丁目,4
中井２丁目,4
中落合１丁目,4
中落合２丁目,4
中落合３丁目,4
中落合４丁目,4
中里町,4
中町,4
納戸町,4
西落合１丁目,4
西落合２丁目,4
西落合３丁目,4
西落合４丁目,4
西五軒町,4
西新宿１丁目,4
西新宿２丁目,4
西新宿３丁目,4
西新宿４丁目,4
西新宿５丁目,4
西新宿６丁目,4
西新宿７丁目,4
西新宿８丁目,4
西早稲田１丁目,4
西早稲田２丁目,4
西早稲田３丁目,4
二十騎町,4
払方町,4
原町１丁目,4
原町２丁目,4
原町３丁目,4
馬場下町,4
東榎町,4
東五軒町,4
百人町１丁目,4
百人町２丁目,4
百人町３丁目,4
百人町４丁目,4
袋町,4
舟町,4
弁天町,4
本塩町,4
南榎町,4
南町,4
南元町,4
南山伏町,4
山吹町,4
矢来町,4
横寺町,4
余丁町,4
四谷１丁目,4
四谷２丁目,4
四谷３丁目,4
四谷４丁目,4
若葉１丁目,4
若葉２丁目,4
若葉３丁目,4
若松町,4
若宮町,4
早稲田鶴巻町,4
早稲田南町,4
早稲田町,4
戸山１丁目,4
戸山２丁目,4
戸山３丁目,4
富久町,4
河田町,4
霞ヶ丘町,4
大塚１丁目,5
大塚２丁目,5
大塚３丁目,5
大塚４丁目,5
大塚５丁目,5
大塚６丁目,5
音羽１丁目,5
音羽２丁目,5
春日１丁目,5
春日２丁目,5
小石川１丁目,5
小石川２丁目,5
小石川３丁目,5
小石川４丁目,5
小石川５丁目,5
後楽１丁目,5
後楽２丁目,5
小日向１丁目,5
小日向２丁目,5
小日向３丁目,5
小日向４丁目,5
水道１丁目,5
水道２丁目,5
関口１丁目,5
関口２丁目,5
関口３丁目,5
千石１丁目,5
千石２丁目,5
千石３丁目,5
千石４丁目,5
千駄木１丁目,5
千駄木２丁目,5
千駄木３丁目,5
千駄木４丁目,5
千駄木５丁目,5
西片１丁目,5
西片２丁目,5
根津１丁目,5
根津２丁目,5
白山１丁目,5
白山２丁目,5
白山３丁目,5
白山４丁目,5
白山５丁目,5
本駒込１丁目,5
本駒込２丁目,5
本駒込３丁目,5
本駒込４丁目,5
本駒込５丁目,5
本駒込６丁目,5
本郷１丁目,5
本郷２丁目,5
本郷３丁目,5
本郷４丁目,5
本郷５丁目,5
本郷６丁目,5
本郷７丁目,5
向丘１丁目,5
向丘２丁目,5
目白台１丁目,5
目白台２丁目,5
目白台３丁目,5
弥生１丁目,5
弥生２丁目,5
湯島１丁目,5
湯島２丁目,5
湯島３丁目,5
湯島４丁目,5
秋葉原,6
浅草１丁目,6
浅草２丁目,6
浅草３丁目,6
浅草４丁目,6
浅草５丁目,6
浅草６丁目,6
浅草７丁目,6
浅草橋１丁目,6
浅草橋２丁目,6
浅草橋３丁目,6
浅草橋４丁目,6
浅草橋５丁目,6
池之端１丁目,6
池之端２丁目,6
池之端３丁目,6
池之端４丁目,6
今戸１丁目,6
今戸２丁目,6
入谷１丁目,6
入谷２丁目,6
上野１丁目,6
上野２丁目,6
上野３丁目,6
上野４丁目,6
上野５丁目,6
上野６丁目,6
上野７丁目,6
上野公園,6
上野桜木１丁目,6
上野桜木２丁目,6
雷門１丁目,6
雷門２丁目,6
北上野１丁目,6
北上野２丁目,6
清川１丁目,6
清川２丁目,6
蔵前１丁目,6
蔵前２丁目,6
蔵前３丁目,6
蔵前４丁目,6
小島１丁目,6
小島２丁目,6
寿１丁目,6
寿２丁目,6
寿３丁目,6
寿４丁目,6
駒形１丁目,6
駒形２丁目,6
下谷１丁目,6
下谷２丁目,6
下谷３丁目,6
千束１丁目,6
千束２丁目,6
千束３丁目,6
千束４丁目,6
台東１丁目,6
台東２丁目,6
台東３丁目,6
台東４丁目,6
鳥越１丁目,6
鳥越２丁目,6
西浅草１丁目,6
西浅草２丁目,6
西浅草３丁目,6
日本堤１丁目,6
日本堤２丁目,6
根岸１丁目,6
根岸２丁目,6
根岸３丁目,6
根岸４丁目,6
根岸５丁目,6
橋場１丁目,6
橋場２丁目,6
花川戸１丁目,6
花川戸２丁目,6
東浅草１丁目,6
東浅草２丁目,6
東上野１丁目,6
東上野２丁目,6
東上野３丁目,6
東上野４丁目,6
東上野５丁目,6
東上野６丁目,6
松が谷１丁目,6
松が谷２丁目,6
松が谷３丁目,6
松が谷４丁目,6
三筋１丁目,6
三筋２丁目,6
三ノ輪１丁目,6
三ノ輪２丁目,6
元浅草１丁目,6
元浅草２丁目,6
元浅草３丁目,6
元浅草４丁目,6
谷中１丁目,6
谷中２丁目,6
谷中３丁目,6
谷中４丁目,6
谷中５丁目,6
谷中６丁目,6
谷中７丁目,6
柳橋１丁目,6
柳橋２丁目,6
竜泉１丁目,6
竜泉２丁目,6
竜泉３丁目,6
吾妻橋１丁目,7
吾妻橋２丁目,7
吾妻橋３丁目,7
石原１丁目,7
石原２丁目,7
石原３丁目,7
石原４丁目,7
押上１丁目,7
押上２丁目,7
押上３丁目,7
亀沢１丁目,7
亀沢２丁目,7
亀沢３丁目,7
亀沢４丁目,7
菊川１丁目,7
菊川２丁目,7
菊川３丁目,7
京島１丁目,7
京島２丁目,7
京島３丁目,7
錦糸１丁目,7
錦糸２丁目,7
錦糸３丁目,7
錦糸４丁目,7
江東橋１丁目,7
江東橋２丁目,7
江東橋３丁目,7
江東橋４丁目,7
江東橋５丁目,7
墨田１丁目,7
墨田２丁目,7
墨田３丁目,7
墨田４丁目,7
墨田５丁目,7
太平１丁目,7
太平２丁目,7
太平３丁目,7
太平４丁目,7
立花１丁目,7
立花２丁目,7
立花３丁目,7
立花４丁目,7
立花５丁目,7
立花６丁目,7
立川１丁目,7
立川２丁目,7
立川３丁目,7
立川４丁目,7
千歳１丁目,7
千歳２丁目,7
千歳３丁目,7
堤通１丁目,7
堤通２丁目,7
業平１丁目,7
業平２丁目,7
業平３丁目,7
業平４丁目,7
業平５丁目,7
東駒形１丁目,7
東駒形２丁目,7
東駒形３丁目,7
東駒形４丁目,7
東墨田１丁目,7
東墨田２丁目,7
東墨田３丁目,7
東向島１丁目,7
東向島２丁目,7
東向島３丁目,7
東向島４丁目,7
東向島５丁目,7
東向島６丁目,7
文花１丁目,7
文花２丁目,7
文花３丁目,7
本所１丁目,7
本所２丁目,7
本所３丁目,7
本所４丁目,7
緑１丁目,7
緑２丁目,7
緑３丁目,7
緑４丁目,7
向島１丁目,7
向島２丁目,7
向島３丁目,7
向島４丁目,7
向島５丁目,7
八広１丁目,7
八広２丁目,7
八広３丁目,7
八広４丁目,7
八広５丁目,7
八広６丁目,7
横網１丁目,7
横網２丁目,7
横川１丁目,7
横川２丁目,7
横川３丁目,7
横川４丁目,7
横川５丁目,7
両国１丁目,7
両国２丁目,7
両国３丁目,7
両国４丁目,7
有明１丁目,8
有明２丁目,8
有明３丁目,8
有明４丁目,8
石島,8
海辺,8
永代１丁目,8
永代２丁目,8
枝川１丁目,8
枝川２丁目,8
枝川３丁目,8
越中島１丁目,8
越中島２丁目,8
越中島３丁目,8
扇橋１丁目,8
扇橋２丁目,8
扇橋３丁目,8
大島１丁目,8
大島２丁目,8
大島３丁目,8
大島４丁目,8
大島５丁目,8
大島６丁目,8
大島７丁目,8
大島８丁目,8
大島９丁目,8
亀戸１丁目,8
亀戸２丁目,8
亀戸３丁目,8
亀戸４丁目,8
亀戸５丁目,8
亀戸６丁目,8
亀戸７丁目,8
亀戸８丁目,8
亀戸９丁目,8
北砂１丁目,8
北砂２丁目,8
北砂３丁目,8
北砂４丁目,8
北砂５丁目,8
北砂６丁目,8
北砂７丁目,8
木場１丁目,8
木場２丁目,8
木場３丁目,8
木場４丁目,8
木場５丁目,8
木場６丁目,8
清澄１丁目,8
清澄２丁目,8
清澄３丁目,8
佐賀１丁目,8
佐賀２丁目,8
猿江１丁目,8
猿江２丁目,8
塩浜１丁目,8
塩浜２丁目,8
潮見１丁目,8
潮見２丁目,8
東雲１丁目,8
東雲２丁目,8
白河１丁目,8
白河２丁目,8
白河３丁目,8
白河４丁目,8
新大橋１丁目,8
新大橋２丁目,8
新大橋３丁目,8
新木場１丁目,8
新木場２丁目,8
新木場３丁目,8
新木場４丁目,8
新砂１丁目,8
新砂２丁目,8
新砂３丁目,8
住吉１丁目,8
住吉２丁目,8
千石１丁目,8
千石２丁目,8
千石３丁目,8
千田,8
高橋,8
辰巳１丁目,8
辰巳２丁目,8
辰巳３丁目,8
東陽１丁目,8
東陽２丁目,8
東陽３丁目,8
東陽４丁目,8
東陽５丁目,8
東陽６丁目,8
東陽７丁目,8
常盤１丁目,8
常盤２丁目,8
富岡１丁目,8
富岡２丁目,8
豊洲１丁目,8
豊洲２丁目,8
豊洲３丁目,8
豊洲４丁目,8
豊洲５丁目,8
豊洲６丁目,8
東砂１丁目,8
東砂２丁目,8
東砂３丁目,8
東砂４丁目,8
東砂５丁目,8
東砂６丁目,8
東砂７丁目,8
東砂８丁目,8
平野１丁目,8
平野２丁目,8
平野３丁目,8
平野４丁目,8
深川１丁目,8
深川２丁目,8
福住１丁目,8
福住２丁目,8
冬木,8
古石場１丁目,8
古石場２丁目,8
古石場３丁目,8
牡丹１丁目,8
牡丹２丁目,8
牡丹３丁目,8
南砂１丁目,8
南砂２丁目,8
南砂３丁目,8
南砂４丁目,8
南砂５丁目,8
南砂６丁目,8
南砂７丁目,8
三好１丁目,8
三好２丁目,8
三好３丁目,8
三好４丁目,8
毛利１丁目,8
毛利２丁目,8
森下１丁目,8
森下２丁目,8
森下３丁目,8
森下４丁目,8
森下５丁目,8
門前仲町１丁目,8
門前仲町２丁目,8
夢の島１丁目,8
夢の島２丁目,8
夢の島３丁目,8
若洲１丁目,8
若洲２丁目,8
若洲３丁目,8
青海１丁目,8
青海２丁目,8
青海３丁目,8
青海４丁目,8
荏原１丁目,9
荏原２丁目,9
荏原３丁目,9
荏原４丁目,9
荏原５丁目,9
荏原６丁目,9
荏原７丁目,9
大井１丁目,9
大井２丁目,9
大井３丁目,9
大井４丁目,9
大井５丁目,9
大井６丁目,9
大井７丁目,9
大崎１丁目,9
大崎２丁目,9
大崎３丁目,9
大崎４丁目,9
大崎５丁目,9
勝島１丁目,9
勝島２丁目,9
勝島３丁目,9
上大崎１丁目,9
上大崎２丁目,9
上大崎３丁目,9
上大崎４丁目,9
北品川１丁目,9
北品川２丁目,9
北品川３丁目,9
北品川４丁目,9
北品川５丁目,9
北品川６丁目,9
小山１丁目,9
小山２丁目,9
小山３丁目,9
小山４丁目,9
小山５丁目,9
小山６丁目,9
小山７丁目,9
小山台１丁目,9
小山台２丁目,9
戸越１丁目,9
戸越２丁目,9
戸越３丁目,9
戸越４丁目,9
戸越５丁目,9
戸越６丁目,9
中延１丁目,9
中延２丁目,9
中延３丁目,9
中延４丁目,9
中延５丁目,9
中延６丁目,9
西大井１丁目,9
西大井２丁目,9
西大井３丁目,9
西大井４丁目,9
西大井５丁目,9
西大井６丁目,9
西五反田１丁目,9
西五反田２丁目,9
西五反田３丁目,9
西五反田４丁目,9
西五反田５丁目,9
西五反田６丁目,9
西五反田７丁目,9
西五反田８丁目,9
西品川１丁目,9
西品川２丁目,9
西品川３丁目,9
西中延１丁目,9
西中延２丁目,9
西中延３丁目,9
旗の台１丁目,9
旗の台２丁目,9
旗の台３丁目,9
旗の台４丁目,9
旗の台５丁目,9
旗の台６丁目,9
東大井１丁目,9
東大井２丁目,9
東大井３丁目,9
東大井４丁目,9
東大井５丁目,9
東大井６丁目,9
東五反田１丁目,9
東五反田２丁目,9
東五反田３丁目,9
東五反田４丁目,9
東五反田５丁目,9
東品川１丁目,9
東品川２丁目,9
東品川３丁目,9
東品川４丁目,9
東品川５丁目,9
東中延１丁目,9
東中延２丁目,9
平塚１丁目,9
平塚２丁目,9
平塚３丁目,9
広町１丁目,9
広町２丁目,9
二葉１丁目,9
二葉２丁目,9
二葉３丁目,9
二葉４丁目,9
南大井１丁目,9
南大井２丁目,9
南大井３丁目,9
南大井４丁目,9
南大井５丁目,9
南大井６丁目,9
南品川１丁目,9
南品川２丁目,9
南品川３丁目,9
南品川４丁目,9
南品川５丁目,9
南品川６丁目,9
八潮１丁目,9
八潮２丁目,9
八潮３丁目,9
八潮４丁目,9
八潮５丁目,9
豊町１丁目,9
豊町２丁目,9
豊町３丁目,9
豊町４丁目,9
豊町５丁目,9
豊町６丁目,9
東八潮,9
青葉台１丁目,10
青葉台２丁目,10
青葉台３丁目,10
青葉台４丁目,10
大岡山１丁目,10
大岡山２丁目,10
大橋１丁目,10
大橋２丁目,10
柿の木坂１丁目,10
柿の木坂２丁目,10
柿の木坂３丁目,10
上目黒１丁目,10
上目黒２丁目,10
上目黒３丁目,10
上目黒４丁目,10
上目黒５丁目,10
駒場１丁目,10
駒場２丁目,10
駒場３丁目,10
駒場４丁目,10
五本木１丁目,10
五本木２丁目,10
五本木３丁目,10
下目黒１丁目,10
下目黒２丁目,10
下目黒３丁目,10
下目黒４丁目,10
下目黒５丁目,10
下目黒６丁目,10
自由が丘１丁目,10
自由が丘２丁目,10
自由が丘３丁目,10
洗足１丁目,10
洗足２丁目,10
平町１丁目,10
平町２丁目,10
鷹番１丁目,10
鷹番２丁目,10
鷹番３丁目,10
中央町１丁目,10
中央町２丁目,10
中町１丁目,10
中町２丁目,10
中根１丁目,10
中根２丁目,10
中目黒１丁目,10
中目黒２丁目,10
中目黒３丁目,10
中目黒４丁目,10
中目黒５丁目,10
原町１丁目,10
原町２丁目,10
東が丘１丁目,10
東が丘２丁目,10
東山１丁目,10
東山２丁目,10
東山３丁目,10
碑文谷１丁目,10
碑文谷２丁目,10
碑文谷３丁目,10
碑文谷４丁目,10
碑文谷５丁目,10
碑文谷６丁目,10
三田１丁目,10
三田２丁目,10
緑が丘１丁目,10
緑が丘２丁目,10
緑が丘３丁目,10
南１丁目,10
南２丁目,10
南３丁目,10
目黒１丁目,10
目黒２丁目,10
目黒３丁目,10
目黒４丁目,10
目黒本町１丁目,10
目黒本町２丁目,10
目黒本町３丁目,10
目黒本町４丁目,10
目黒本町５丁目,10
目黒本町６丁目,10
八雲１丁目,10
八雲２丁目,10
八雲３丁目,10
八雲４丁目,10
八雲５丁目,10
祐天寺１丁目,10
祐天寺２丁目,10
池上１丁目,11
池上２丁目,11
池上３丁目,11
池上４丁目,11
池上５丁目,11
池上６丁目,11
池上７丁目,11
池上８丁目,11
石川町１丁目,11
石川町２丁目,11
鵜の木１丁目,11
鵜の木２丁目,11
鵜の木３丁目,11
大森北１丁目,11
大森北２丁目,11
大森北３丁目,11
大森北４丁目,11
大森北５丁目,11
大森北６丁目,11
大森中１丁目,11
大森中２丁目,11
大森中３丁目,11
大森西１丁目,11
大森西２丁目,11
大森西３丁目,11
大森西４丁目,11
大森西５丁目,11
大森西６丁目,11
大森西７丁目,11
大森東１丁目,11
大森東２丁目,11
大森東３丁目,11
大森東４丁目,11
大森東５丁目,11
大森本町１丁目,11
大森本町２丁目,11
大森南１丁目,11
大森南２丁目,11
大森南３丁目,11
大森南４丁目,11
大森南５丁目,11
蒲田１丁目,11
蒲田２丁目,11
蒲田３丁目,11
蒲田４丁目,11
蒲田５丁目,11
蒲田本町１丁目,11
蒲田本町２丁目,11
上池台１丁目,11
上池台２丁目,11
上池台３丁目,11
上池台４丁目,11
上池台５丁目,11
北糀谷１丁目,11
北糀谷２丁目,11
北千束１丁目,11
北千束２丁目,11
北千束３丁目,11
北馬込１丁目,11
北馬込２丁目,11
北嶺町,11
久が原１丁目,11
久が原２丁目,11
久が原３丁目,11
久が原４丁目,11
久が原５丁目,11
久が原６丁目,11
京浜島１丁目,11
京浜島２丁目,11
京浜島３丁目,11
山王１丁目,11
山王２丁目,11
山王３丁目,11
山王４丁目,11
下丸子１丁目,11
下丸子２丁目,11
下丸子３丁目,11
下丸子４丁目,11
昭和島１丁目,11
昭和島２丁目,11
新蒲田１丁目,11
新蒲田２丁目,11
新蒲田３丁目,11
城南島１丁目,11
城南島２丁目,11
城南島３丁目,11
城南島４丁目,11
城南島５丁目,11
城南島６丁目,11
城南島７丁目,11
多摩川１丁目,11
多摩川２丁目,11
千鳥１丁目,11
千鳥２丁目,11
千鳥３丁目,11
中央１丁目,11
中央２丁目,11
中央３丁目,11
中央４丁目,11
中央５丁目,11
中央６丁目,11
中央７丁目,11
中央８丁目,11
田園調布１丁目,11
田園調布２丁目,11
田園調布３丁目,11
田園調布４丁目,11
田園調布５丁目,11
田園調布本町,11
田園調布南,11
東海１丁目,11
東海２丁目,11
東海３丁目,11
東海４丁目,11
東海５丁目,11
東海６丁目,11
仲池上１丁目,11
仲池上２丁目,11
中馬込１丁目,11
中馬込２丁目,11
中馬込３丁目,11
仲六郷１丁目,11
仲六郷２丁目,11
仲六郷３丁目,11
仲六郷４丁目,11
西蒲田１丁目,11
西蒲田２丁目,11
西蒲田３丁目,11
西蒲田４丁目,11
西蒲田５丁目,11
西蒲田６丁目,11
西蒲田７丁目,11
西蒲田８丁目,11
西糀谷１丁目,11
西糀谷２丁目,11
西糀谷３丁目,11
西糀谷４丁目,11
西馬込１丁目,11
西馬込２丁目,11
西嶺町,11
西六郷１丁目,11
西六郷２丁目,11
西六郷３丁目,11
西六郷４丁目,11
萩中１丁目,11
萩中２丁目,11
萩中３丁目,11
羽田１丁目,11
羽田２丁目,11
羽田３丁目,11
羽田４丁目,11
羽田５丁目,11
羽田６丁目,11
羽田旭町,11
羽田空港１丁目,11
羽田空港２丁目,11
羽田空港３丁目,11
東蒲田１丁目,11
東蒲田２丁目,11
東糀谷１丁目,11
東糀谷２丁目,11
東糀谷３丁目,11
東糀谷４丁目,11
東糀谷５丁目,11
東糀谷６丁目,11
東馬込１丁目,11
東馬込２丁目,11
東嶺町,11
東矢口１丁目,11
東矢口２丁目,11
東矢口３丁目,11
東雪谷１丁目,11
東雪谷２丁目,11
東雪谷３丁目,11
東雪谷４丁目,11
東雪谷５丁目,11
東六郷１丁目,11
東六郷２丁目,11
東六郷３丁目,11
平和島１丁目,11
平和島２丁目,11
平和島３丁目,11
平和島４丁目,11
平和島５丁目,11
平和島６丁目,11
平和の森公園,11
本羽田１丁目,11
本羽田２丁目,11
本羽田３丁目,11
南蒲田１丁目,11
南蒲田２丁目,11
南蒲田３丁目,11
南久が原１丁目,11
南久が原２丁目,11
南千束１丁目,11
南千束２丁目,11
南千束３丁目,11
南馬込１丁目,11
南馬込２丁目,11
南馬込３丁目,11
南馬込４丁目,11
南馬込５丁目,11
南馬込６丁目,11
南雪谷１丁目,11
南雪谷２丁目,11
南雪谷３丁目,11
南雪谷４丁目,11
南雪谷５丁目,11
南六郷１丁目,11
南六郷２丁目,11
南六郷３丁目,11
矢口１丁目,11
矢口２丁目,11
矢口３丁目,11
雪谷大塚町,11
赤堤１丁目,12
赤堤２丁目,12
赤堤３丁目,12
赤堤４丁目,12
赤堤５丁目,12
池尻１丁目,12
池尻２丁目,12
池尻３丁目,12
池尻４丁目,12
宇奈根１丁目,12
宇奈根２丁目,12
宇奈根３丁目,12
梅丘１丁目,12
梅丘２丁目,12
梅丘３丁目,12
大蔵１丁目,12
大蔵２丁目,12
大蔵３丁目,12
大蔵４丁目,12
大蔵５丁目,12
大蔵６丁目,12
大原１丁目,12
大原２丁目,12
岡本１丁目,12
岡本２丁目,12
岡本３丁目,12
奥沢１丁目,12
奥沢２丁目,12
奥沢３丁目,12
奥沢４丁目,12
奥沢５丁目,12
奥沢６丁目,12
奥沢７丁目,12
奥沢８丁目,12
尾山台１丁目,12
尾山台２丁目,12
尾山台３丁目,12
粕谷１丁目,12
粕谷２丁目,12
粕谷３丁目,12
粕谷４丁目,12
鎌田１丁目,12
鎌田２丁目,12
鎌田３丁目,12
鎌田４丁目,12
上馬１丁目,12
上馬２丁目,12
上馬３丁目,12
上馬４丁目,12
上馬５丁目,12
上北沢１丁目,12
上北沢２丁目,12
上北沢３丁目,12
上北沢４丁目,12
上北沢５丁目,12
上祖師谷１丁目,12
上祖師谷２丁目,12
上祖師谷３丁目,12
上祖師谷４丁目,12
上祖師谷５丁目,12
上祖師谷６丁目,12
上祖師谷７丁目,12
上野毛１丁目,12
上野毛２丁目,12
上野毛３丁目,12
上野毛４丁目,12
上用賀１丁目,12
上用賀２丁目,12
上用賀３丁目,12
上用賀４丁目,12
上用賀５丁目,12
上用賀６丁目,12
北烏山１丁目,12
北烏山２丁目,12
北烏山３丁目,12
北烏山４丁目,12
北烏山５丁目,12
北烏山６丁目,12
北烏山７丁目,12
北烏山８丁目,12
北烏山９丁目,12
北沢１丁目,12
北沢２丁目,12
北沢３丁目,12
北沢４丁目,12
北沢５丁目,12
喜多見１丁目,12
喜多見２丁目,12
喜多見３丁目,12
喜多見４丁目,12
喜多見５丁目,12
喜多見６丁目,12
喜多見７丁目,12
喜多見８丁目,12
喜多見９丁目,12
砧１丁目,12
砧２丁目,12
砧３丁目,12
砧４丁目,12
砧５丁目,12
砧６丁目,12
砧７丁目,12
砧８丁目,12
砧公園,12
給田１丁目,12
給田２丁目,12
給田３丁目,12
給田４丁目,12
給田５丁目,12
経堂１丁目,12
経堂２丁目,12
経堂３丁目,12
経堂４丁目,12
経堂５丁目,12
駒沢１丁目,12
駒沢２丁目,12
駒沢３丁目,12
駒沢４丁目,12
駒沢５丁目,12
駒沢公園,12
豪徳寺１丁目,12
豪徳寺２丁目,12
桜１丁目,12
桜２丁目,12
桜３丁目,12
桜丘１丁目,12
桜丘２丁目,12
桜丘３丁目,12
桜丘４丁目,12
桜丘５丁目,12
桜新町１丁目,12
桜新町２丁目,12
桜上水１丁目,12
桜上水２丁目,12
桜上水３丁目,12
桜上水４丁目,12
桜上水５丁目,12
三軒茶屋１丁目,12
三軒茶屋２丁目,12
下馬１丁目,12
下馬２丁目,12
下馬３丁目,12
下馬４丁目,12
下馬５丁目,12
下馬６丁目,12
新町１丁目,12
新町２丁目,12
新町３丁目,12
成城１丁目,12
成城２丁目,12
成城３丁目,12
成城４丁目,12
成城５丁目,12
成城６丁目,12
成城７丁目,12
成城８丁目,12
成城９丁目,12
瀬田１丁目,12
瀬田２丁目,12
瀬田３丁目,12
瀬田４丁目,12
瀬田５丁目,12
世田谷１丁目,12
世田谷２丁目,12
世田谷３丁目,12
世田谷４丁目,12
祖師谷１丁目,12
祖師谷２丁目,12
祖師谷３丁目,12
祖師谷４丁目,12
祖師谷５丁目,12
祖師谷６丁目,12
太子堂１丁目,12
太子堂２丁目,12
太子堂３丁目,12
太子堂４丁目,12
太子堂５丁目,12
玉川１丁目,12
玉川２丁目,12
玉川３丁目,12
玉川４丁目,12
玉川台１丁目,12
玉川台２丁目,12
玉川田園調布１丁目,12
玉川田園調布２丁目,12
玉堤１丁目,12
玉堤２丁目,12
代沢１丁目,12
代沢２丁目,12
代沢３丁目,12
代沢４丁目,12
代沢５丁目,12
代田１丁目,12
代田２丁目,12
代田３丁目,12
代田４丁目,12
代田５丁目,12
代田６丁目,12
千歳台１丁目,12
千歳台２丁目,12
千歳台３丁目,12
千歳台４丁目,12
千歳台５丁目,12
千歳台６丁目,12
弦巻１丁目,12
弦巻２丁目,12
弦巻３丁目,12
弦巻４丁目,12
弦巻５丁目,12
等々力１丁目,12
等々力２丁目,12
等々力３丁目,12
等々力４丁目,12
等々力５丁目,12
等々力６丁目,12
等々力７丁目,12
等々力８丁目,12
中町１丁目,12
中町２丁目,12
中町３丁目,12
中町４丁目,12
中町５丁目,12
野毛１丁目,12
野毛２丁目,12
野毛３丁目,12
野沢１丁目,12
野沢２丁目,12
野沢３丁目,12
野沢４丁目,12
八幡山１丁目,12
八幡山２丁目,12
八幡山３丁目,12
羽根木１丁目,12
羽根木２丁目,12
東玉川１丁目,12
東玉川２丁目,12
深沢１丁目,12
深沢２丁目,12
深沢３丁目,12
深沢４丁目,12
深沢５丁目,12
深沢６丁目,12
深沢７丁目,12
深沢８丁目,12
船橋１丁目,12
船橋２丁目,12
船橋３丁目,12
船橋４丁目,12
船橋５丁目,12
船橋６丁目,12
船橋７丁目,12
松原１丁目,12
松原２丁目,12
松原３丁目,12
松原４丁目,12
松原５丁目,12
松原６丁目,12
三宿１丁目,12
三宿２丁目,12
南烏山１丁目,12
南烏山２丁目,12
南烏山３丁目,12
南烏山４丁目,12
南烏山５丁目,12
南烏山６丁目,12
宮坂１丁目,12
宮坂２丁目,12
宮坂３丁目,12
用賀１丁目,12
用賀２丁目,12
用賀３丁目,12
用賀４丁目,12
若林１丁目,12
若林２丁目,12
若林３丁目,12
若林４丁目,12
若林５丁目,12
上原１丁目,13
上原２丁目,13
上原３丁目,13
鶯谷町,13
宇田川町,13
恵比寿１丁目,13
恵比寿２丁目,13
恵比寿３丁目,13
恵比寿４丁目,13
恵比寿西１丁目,13
恵比寿西２丁目,13
恵比寿南１丁目,13
恵比寿南２丁目,13
恵比寿南３丁目,13
大山町,13
神山町,13
桜丘町,13
笹塚１丁目,13
笹塚２丁目,13
笹塚３丁目,13
猿楽町,13
渋谷１丁目,13
渋谷２丁目,13
渋谷３丁目,13
渋谷４丁目,13
松濤１丁目,13
松濤２丁目,13
神泉町,13
神宮前１丁目,13
神宮前２丁目,13
神宮前３丁目,13
神宮前４丁目,13
神宮前５丁目,13
神宮前６丁目,13
神南１丁目,13
神南２丁目,13
千駄ヶ谷１丁目,13
千駄ヶ谷２丁目,13
千駄ヶ谷３丁目,13
千駄ヶ谷４丁目,13
千駄ヶ谷５丁目,13
千駄ヶ谷６丁目,13
代官山町,13
富ヶ谷１丁目,13
富ヶ谷２丁目,13
道玄坂１丁目,13
道玄坂２丁目,13
南平台町,13
西原１丁目,13
西原２丁目,13
西原３丁目,13
幡ヶ谷１丁目,13
幡ヶ谷２丁目,13
幡ヶ谷３丁目,13
鉢山町,13
初台１丁目,13
初台２丁目,13
東１丁目,13
東２丁目,13
東３丁目,13
東４丁目,13
広尾１丁目,13
広尾２丁目,13
広尾３丁目,13
広尾４丁目,13
広尾５丁目,13
本町１丁目,13
本町２丁目,13
本町３丁目,13
本町４丁目,13
本町５丁目,13
本町６丁目,13
円山町,13
元代々木町,13
代々木１丁目,13
代々木２丁目,13
代々木３丁目,13
代々木４丁目,13
代々木５丁目,13
代々木神園町,13
新井１丁目,14
新井２丁目,14
新井３丁目,14
新井４丁目,14
新井５丁目,14
江古田１丁目,14
江古田２丁目,14
江古田３丁目,14
江古田４丁目,14
江原町１丁目,14
江原町２丁目,14
江原町３丁目,14
上鷺宮１丁目,14
上鷺宮２丁目,14
上鷺宮３丁目,14
上鷺宮４丁目,14
上鷺宮５丁目,14
上高田１丁目,14
上高田２丁目,14
上高田３丁目,14
上高田４丁目,14
上高田５丁目,14
鷺宮１丁目,14
鷺宮２丁目,14
鷺宮３丁目,14
鷺宮４丁目,14
鷺宮５丁目,14
鷺宮６丁目,14
白鷺１丁目,14
白鷺２丁目,14
白鷺３丁目,14
中央１丁目,14
中央２丁目,14
中央３丁目,14
中央４丁目,14
中央５丁目,14
中野１丁目,14
中野２丁目,14
中野３丁目,14
中野４丁目,14
中野５丁目,14
中野６丁目,14
沼袋１丁目,14
沼袋２丁目,14
沼袋３丁目,14
沼袋４丁目,14
野方１丁目,14
野方２丁目,14
野方３丁目,14
野方４丁目,14
野方５丁目,14
野方６丁目,14
東中野１丁目,14
東中野２丁目,14
東中野３丁目,14
東中野４丁目,14
東中野５丁目,14
本町１丁目,14
本町２丁目,14
本町３丁目,14
本町４丁目,14
本町５丁目,14
本町６丁目,14
松が丘１丁目,14
松が丘２丁目,14
丸山１丁目,14
丸山２丁目,14
南台１丁目,14
南台２丁目,14
南台３丁目,14
南台４丁目,14
南台５丁目,14
大和町１丁目,14
大和町２丁目,14
大和町３丁目,14
大和町４丁目,14
弥生町１丁目,14
弥生町２丁目,14
弥生町３丁目,14
弥生町４丁目,14
弥生町５丁目,14
弥生町６丁目,14
若宮１丁目,14
若宮２丁目,14
若宮３丁目,14
阿佐谷北１丁目,15
阿佐谷北２丁目,15
阿佐谷北３丁目,15
阿佐谷北４丁目,15
阿佐谷北５丁目,15
阿佐谷北６丁目,15
阿佐谷南１丁目,15
阿佐谷南２丁目,15
阿佐谷南３丁目,15
天沼１丁目,15
天沼２丁目,15
天沼３丁目,15
井草１丁目,15
井草２丁目,15
井草３丁目,15
井草４丁目,15
井草５丁目,15
和泉１丁目,15
和泉２丁目,15
和泉３丁目,15
和泉４丁目,15
今川１丁目,15
今川２丁目,15
今川３丁目,15
今川４丁目,15
梅里１丁目,15
梅里２丁目,15
永福１丁目,15
永福２丁目,15
永福３丁目,15
永福４丁目,15
大宮１丁目,15
大宮２丁目,15
荻窪１丁目,15
荻窪２丁目,15
荻窪３丁目,15
荻窪４丁目,15
荻窪５丁目,15
上井草１丁目,15
上井草２丁目,15
上井草３丁目,15
上井草４丁目,15
上荻１丁目,15
上荻２丁目,15
上荻３丁目,15
上荻４丁目,15
上高井戸１丁目,15
上高井戸２丁目,15
上高井戸３丁目,15
久我山１丁目,15
久我山２丁目,15
久我山３丁目,15
久我山４丁目,15
久我山５丁目,15
高円寺北１丁目,15
高円寺北２丁目,15
高円寺北３丁目,15
高円寺北４丁目,15
高円寺南１丁目,15
高円寺南２丁目,15
高円寺南３丁目,15
高円寺南４丁目,15
高円寺南５丁目,15
清水１丁目,15
清水２丁目,15
清水３丁目,15
下井草１丁目,15
下井草２丁目,15
下井草３丁目,15
下井草４丁目,15
下井草５丁目,15
下高井戸１丁目,15
下高井戸２丁目,15
下高井戸３丁目,15
下高井戸４丁目,15
下高井戸５丁目,15
松庵１丁目,15
松庵２丁目,15
松庵３丁目,15
善福寺１丁目,15
善福寺２丁目,15
善福寺３丁目,15
善福寺４丁目,15
高井戸西１丁目,15
高井戸西２丁目,15
高井戸西３丁目,15
高井戸東１丁目,15
高井戸東２丁目,15
高井戸東３丁目,15
高井戸東４丁目,15
成田西１丁目,15
成田西２丁目,15
成田西３丁目,15
成田西４丁目,15
成田東１丁目,15
成田東２丁目,15
成田東３丁目,15
成田東４丁目,15
成田東５丁目,15
西荻北１丁目,15
西荻北２丁目,15
西荻北３丁目,15
西荻北４丁目,15
西荻北５丁目,15
西荻南１丁目,15
西荻南２丁目,15
西荻南３丁目,15
西荻南４丁目,15
浜田山１丁目,15
浜田山２丁目,15
浜田山３丁目,15
浜田山４丁目,15
方南１丁目,15
方南２丁目,15
堀ノ内１丁目,15
堀ノ内２丁目,15
堀ノ内３丁目,15
本天沼１丁目,15
本天沼２丁目,15
本天沼３丁目,15
松ノ木１丁目,15
松ノ木２丁目,15
松ノ木３丁目,15
南荻窪１丁目,15
南荻窪２丁目,15
南荻窪３丁目,15
南荻窪４丁目,15
宮前１丁目,15
宮前２丁目,15
宮前３丁目,15
宮前４丁目,15
宮前５丁目,15
桃井１丁目,15
桃井２丁目,15
桃井３丁目,15
桃井４丁目,15
和田１丁目,15
和田２丁目,15
和田３丁目,15
池袋１丁目,16
池袋２丁目,16
池袋３丁目,16
池袋４丁目,16
池袋本町１丁目,16
池袋本町２丁目,16
池袋本町３丁目,16
池袋本町４丁目,16
要町１丁目,16
要町２丁目,16
要町３丁目,16
上池袋１丁目,16
上池袋２丁目,16
上池袋３丁目,16
上池袋４丁目,16
北大塚１丁目,16
北大塚２丁目,16
北大塚３丁目,16
駒込１丁目,16
駒込２丁目,16
駒込３丁目,16
駒込４丁目,16
駒込５丁目,16
駒込６丁目,16
駒込７丁目,16
巣鴨１丁目,16
巣鴨２丁目,16
巣鴨３丁目,16
巣鴨４丁目,16
巣鴨５丁目,16
雑司が谷１丁目,16
雑司が谷２丁目,16
雑司が谷３丁目,16
高田１丁目,16
高田２丁目,16
高田３丁目,16
高松１丁目,16
高松２丁目,16
高松３丁目,16
長崎１丁目,16
長崎２丁目,16
長崎３丁目,16
長崎４丁目,16
長崎５丁目,16
長崎６丁目,16
西池袋１丁目,16
西池袋２丁目,16
西池袋３丁目,16
西池袋４丁目,16
西池袋５丁目,16
西巣鴨１丁目,16
西巣鴨２丁目,16
西巣鴨３丁目,16
西巣鴨４丁目,16
東池袋１丁目,16
東池袋２丁目,16
東池袋３丁目,16
東池袋４丁目,16
東池袋５丁目,16
南池袋１丁目,16
南池袋２丁目,16
南池袋３丁目,16
南池袋４丁目,16
南大塚１丁目,16
南大塚２丁目,16
南大塚３丁目,16
南長崎１丁目,16
南長崎２丁目,16
南長崎３丁目,16
南長崎４丁目,16
南長崎５丁目,16
南長崎６丁目,16
目白１丁目,16
目白２丁目,16
目白３丁目,16
目白４丁目,16
目白５丁目,16
千川１丁目,16
千川２丁目,16
千早１丁目,16
千早２丁目,16
千早３丁目,16
千早４丁目,16
赤羽１丁目,17
赤羽２丁目,17
赤羽３丁目,17
赤羽北１丁目,17
赤羽北２丁目,17
赤羽北３丁目,17
赤羽台１丁目,17
赤羽台２丁目,17
赤羽台３丁目,17
赤羽台４丁目,17
赤羽西１丁目,17
赤羽西２丁目,17
赤羽西３丁目,17
赤羽西４丁目,17
赤羽西５丁目,17
赤羽西６丁目,17
赤羽南１丁目,17
赤羽南２丁目,17
岩淵町,17
浮間１丁目,17
浮間２丁目,17
浮間３丁目,17
浮間４丁目,17
浮間５丁目,17
王子１丁目,17
王子２丁目,17
王子３丁目,17
王子４丁目,17
王子５丁目,17
王子６丁目,17
王子本町１丁目,17
王子本町２丁目,17
王子本町３丁目,17
上十条１丁目,17
上十条２丁目,17
上十条３丁目,17
上十条４丁目,17
上十条５丁目,17
上中里１丁目,17
上中里２丁目,17
上中里３丁目,17
神谷１丁目,17
神谷２丁目,17
神谷３丁目,17
岸町１丁目,17
岸町２丁目,17
桐ケ丘１丁目,17
桐ケ丘２丁目,17
栄町,17
志茂１丁目,17
志茂２丁目,17
志茂３丁目,17
志茂４丁目,17
志茂５丁目,17
昭和町１丁目,17
昭和町２丁目,17
昭和町３丁目,17
十条台１丁目,17
十条台２丁目,17
十条仲原１丁目,17
十条仲原２丁目,17
十条仲原３丁目,17
十条仲原４丁目,17
滝野川１丁目,17
滝野川２丁目,17
滝野川３丁目,17
滝野川４丁目,17
滝野川５丁目,17
滝野川６丁目,17
滝野川７丁目,17
田端１丁目,17
田端２丁目,17
田端３丁目,17
田端４丁目,17
田端５丁目,17
田端６丁目,17
田端新町１丁目,17
田端新町２丁目,17
田端新町３丁目,17
豊島１丁目,17
豊島２丁目,17
豊島３丁目,17
豊島４丁目,17
豊島５丁目,17
豊島６丁目,17
豊島７丁目,17
豊島８丁目,17
中里１丁目,17
中里２丁目,17
中里３丁目,17
中十条１丁目,17
中十条２丁目,17
中十条３丁目,17
中十条４丁目,17
西が丘１丁目,17
西が丘２丁目,17
西が丘３丁目,17
西ケ原１丁目,17
西ケ原２丁目,17
西ケ原３丁目,17
西ケ原４丁目,17
東十条１丁目,17
東十条２丁目,17
東十条３丁目,17
東十条４丁目,17
東十条５丁目,17
東十条６丁目,17
東田端１丁目,17
東田端２丁目,17
堀船１丁目,17
堀船２丁目,17
堀船３丁目,17
堀船４丁目,17
荒川１丁目,18
荒川２丁目,18
荒川３丁目,18
荒川４丁目,18
荒川５丁目,18
荒川６丁目,18
荒川７丁目,18
荒川８丁目,18
西尾久１丁目,18
西尾久２丁目,18
西尾久３丁目,18
西尾久４丁目,18
西尾久５丁目,18
西尾久６丁目,18
西尾久７丁目,18
西尾久８丁目,18
西日暮里１丁目,18
西日暮里２丁目,18
西日暮里３丁目,18
西日暮里４丁目,18
西日暮里５丁目,18
西日暮里６丁目,18
東尾久１丁目,18
東尾久２丁目,18
東尾久３丁目,18
東尾久４丁目,18
東尾久５丁目,18
東尾久６丁目,18
東尾久７丁目,18
東尾久８丁目,18
東日暮里１丁目,18
東日暮里２丁目,18
東日暮里３丁目,18
東日暮里４丁目,18
東日暮里５丁目,18
東日暮里６丁目,18
町屋１丁目,18
町屋２丁目,18
町屋３丁目,18
町屋４丁目,18
町屋５丁目,18
町屋６丁目,18
町屋７丁目,18
町屋８丁目,18
南千住１丁目,18
南千住２丁目,18
南千住３丁目,18
南千住４丁目,18
南千住５丁目,18
南千住６丁目,18
南千住７丁目,18
南千住８丁目,18
相生町,19
赤塚１丁目,19
赤塚２丁目,19
赤塚３丁目,19
赤塚４丁目,19
赤塚５丁目,19
赤塚６丁目,19
赤塚７丁目,19
赤塚８丁目,19
赤塚新町１丁目,19
赤塚新町２丁目,19
赤塚新町３丁目,19
小豆沢１丁目,19
小豆沢２丁目,19
小豆沢３丁目,19
小豆沢４丁目,19
泉町,19
板橋１丁目,19
板橋２丁目,19
板橋３丁目,19
板橋４丁目,19
稲荷台,19
大原町,19
大谷口１丁目,19
大谷口２丁目,19
大谷口上町,19
大谷口北町,19
大山金井町,19
大山西町,19
大山東町,19
大山町,19
加賀１丁目,19
加賀２丁目,19
上板橋１丁目,19
上板橋２丁目,19
上板橋３丁目,19
熊野町,19
小茂根１丁目,19
小茂根２丁目,19
小茂根３丁目,19
小茂根４丁目,19
小茂根５丁目,19
幸町,19
栄町,19
坂下１丁目,19
坂下２丁目,19
坂下３丁目,19
桜川１丁目,19
桜川２丁目,19
桜川３丁目,19
清水町,19
志村１丁目,19
志村２丁目,19
志村３丁目,19
新河岸１丁目,19
新河岸２丁目,19
新河岸３丁目,19
高島平１丁目,19
高島平２丁目,19
高島平３丁目,19
高島平４丁目,19
高島平５丁目,19
高島平６丁目,19
高島平７丁目,19
高島平８丁目,19
高島平９丁目,19
大門,19
東新町１丁目,19
東新町２丁目,19
常盤台１丁目,19
常盤台２丁目,19
常盤台３丁目,19
常盤台４丁目,19
徳丸１丁目,19
徳丸２丁目,19
徳丸３丁目,19
徳丸４丁目,19
徳丸５丁目,19
徳丸６丁目,19
徳丸７丁目,19
徳丸８丁目,19
中板橋,19
仲宿,19
中台１丁目,19
中台２丁目,19
中台３丁目,19
仲町,19
中丸町,19
成増１丁目,19
成増２丁目,19
成増３丁目,19
成増４丁目,19
成増５丁目,19
西台１丁目,19
西台２丁目,19
西台３丁目,19
西台４丁目,19
蓮沼町,19
蓮根１丁目,19
蓮根２丁目,19
蓮根３丁目,19
氷川町,19
東坂下１丁目,19
東坂下２丁目,19
東山町,19
富士見町,19
双葉町,19
舟渡１丁目,19
舟渡２丁目,19
舟渡３丁目,19
舟渡４丁目,19
本町,19
前野町１丁目,19
前野町２丁目,19
前野町３丁目,19
前野町４丁目,19
前野町５丁目,19
前野町６丁目,19
三園１丁目,19
三園２丁目,19
南町,19
南常盤台１丁目,19
南常盤台２丁目,19
宮本町,19
向原１丁目,19
向原２丁目,19
向原３丁目,19
大和町,19
弥生町,19
四葉１丁目,19
四葉２丁目,19
若木１丁目,19
若木２丁目,19
若木３丁目,19
旭丘１丁目,20
旭丘２丁目,20
旭町１丁目,20
旭町２丁目,20
旭町３丁目,20
大泉学園町１丁目,20
大泉学園町２丁目,20
大泉学園町３丁目,20
大泉学園町４丁目,20
大泉学園町５丁目,20
大泉学園町６丁目,20
大泉学園町７丁目,20
大泉学園町８丁目,20
大泉学園町９丁目,20
大泉町１丁目,20
大泉町２丁目,20
大泉町３丁目,20
大泉町４丁目,20
大泉町５丁目,20
大泉町６丁目,20
春日町１丁目,20
春日町２丁目,20
春日町３丁目,20
春日町４丁目,20
春日町５丁目,20
春日町６丁目,20
上石神井１丁目,20
上石神井２丁目,20
上石神井３丁目,20
上石神井４丁目,20
北町１丁目,20
北町２丁目,20
北町３丁目,20
北町４丁目,20
北町５丁目,20
北町６丁目,20
北町７丁目,20
北町８丁目,20
向山１丁目,20
向山２丁目,20
向山３丁目,20
向山４丁目,20
小竹町１丁目,20
小竹町２丁目,20
栄町,20
桜台１丁目,20
桜台２丁目,20
桜台３丁目,20
桜台４丁目,20
桜台５丁目,20
桜台６丁目,20
下石神井１丁目,20
下石神井２丁目,20
下石神井３丁目,20
下石神井４丁目,20
下石神井５丁目,20
下石神井６丁目,20
石神井台１丁目,20
石神井台２丁目,20
石神井台３丁目,20
石神井台４丁目,20
石神井台５丁目,20
石神井台６丁目,20
石神井台７丁目,20
石神井台８丁目,20
石神井町１丁目,20
石神井町２丁目,20
石神井町３丁目,20
石神井町４丁目,20
石神井町５丁目,20
石神井町６丁目,20
石神井町７丁目,20
石神井町８丁目,20
関町北１丁目,20
関町北２丁目,20
関町北３丁目,20
関町北４丁目,20
関町北５丁目,20
高野台１丁目,20
高野台２丁目,20
高野台３丁目,20
高野台４丁目,20
高野台５丁目,20
高松１丁目,20
高松２丁目,20
高松３丁目,20
高松４丁目,20
高松５丁目,20
高松６丁目,20
田柄１丁目,20
田柄２丁目,20
田柄３丁目,20
田柄４丁目,20
田柄５丁目,20
立野町,20
豊玉上１丁目,20
豊玉上２丁目,20
豊玉北１丁目,20
豊玉北２丁目,20
豊玉北３丁目,20
豊玉北４丁目,20
豊玉北５丁目,20
豊玉北６丁目,20
豊玉中１丁目,20
豊玉中２丁目,20
豊玉中３丁目,20
豊玉中４丁目,20
豊玉南１丁目,20
豊玉南２丁目,20
豊玉南３丁目,20
土支田１丁目,20
土支田２丁目,20
土支田３丁目,20
土支田４丁目,20
中村１丁目,20
中村２丁目,20
中村３丁目,20
中村北１丁目,20
中村北２丁目,20
中村北３丁目,20
中村北４丁目,20
中村南１丁目,20
中村南２丁目,20
中村南３丁目,20
西大泉１丁目,20
西大泉２丁目,20
西大泉３丁目,20
西大泉４丁目,20
西大泉５丁目,20
西大泉６丁目,20
西大泉町,20
錦１丁目,20
錦２丁目,20
貫井１丁目,20
貫井２丁目,20
貫井３丁目,20
貫井４丁目,20
貫井５丁目,20
練馬１丁目,20
練馬２丁目,20
練馬３丁目,20
練馬４丁目,20
羽沢１丁目,20
羽沢２丁目,20
羽沢３丁目,20
早宮１丁目,20
早宮２丁目,20
早宮３丁目,20
早宮４丁目,20
光が丘１丁目,20
光が丘２丁目,20
光が丘３丁目,20
光が丘４丁目,20
光が丘５丁目,20
光が丘６丁目,20
光が丘７丁目,20
氷川台１丁目,20
氷川台２丁目,20
氷川台３丁目,20
氷川台４丁目,20
東大泉１丁目,20
東大泉２丁目,20
東大泉３丁目,20
東大泉４丁目,20
東大泉５丁目,20
東大泉６丁目,20
東大泉７丁目,20
富士見台１丁目,20
富士見台２丁目,20
富士見台３丁目,20
富士見台４丁目,20
平和台１丁目,20
平和台２丁目,20
平和台３丁目,20
平和台４丁目,20
南大泉１丁目,20
南大泉２丁目,20
南大泉３丁目,20
南大泉４丁目,20
南大泉５丁目,20
南大泉６丁目,20
南田中１丁目,20
南田中２丁目,20
南田中３丁目,20
南田中４丁目,20
南田中５丁目,20
三原台１丁目,20
三原台２丁目,20
三原台３丁目,20
谷原１丁目,20
谷原２丁目,20
谷原３丁目,20
谷原４丁目,20
谷原５丁目,20
谷原６丁目,20
上石神井南町,20
関町南１丁目,20
関町南２丁目,20
関町南３丁目,20
関町南４丁目,20
関町東１丁目,20
関町東２丁目,20
青井１丁目,21
青井２丁目,21
青井３丁目,21
青井４丁目,21
青井５丁目,21
青井６丁目,21
足立１丁目,21
足立２丁目,21
足立３丁目,21
足立４丁目,21
綾瀬１丁目,21
綾瀬２丁目,21
綾瀬３丁目,21
綾瀬４丁目,21
綾瀬５丁目,21
綾瀬６丁目,21
綾瀬７丁目,21
入谷町,21
梅島１丁目,21
梅島２丁目,21
梅島３丁目,21
梅田１丁目,21
梅田２丁目,21
梅田３丁目,21
梅田４丁目,21
梅田５丁目,21
梅田６丁目,21
梅田７丁目,21
梅田８丁目,21
扇１丁目,21
扇２丁目,21
扇３丁目,21
大谷田１丁目,21
大谷田２丁目,21
大谷田３丁目,21
大谷田４丁目,21
大谷田５丁目,21
興野１丁目,21
興野２丁目,21
小台１丁目,21
小台２丁目,21
加賀１丁目,21
加賀２丁目,21
加平１丁目,21
加平２丁目,21
加平３丁目,21
北加平町,21
栗原１丁目,21
栗原２丁目,21
栗原３丁目,21
栗原４丁目,21
弘道１丁目,21
弘道２丁目,21
江北１丁目,21
江北２丁目,21
江北３丁目,21
江北４丁目,21
江北５丁目,21
江北６丁目,21
江北７丁目,21
古千谷１丁目,21
古千谷２丁目,21
佐野１丁目,21
佐野２丁目,21
皿沼１丁目,21
皿沼２丁目,21
皿沼３丁目,21
鹿浜１丁目,21
鹿浜２丁目,21
鹿浜３丁目,21
鹿浜４丁目,21
鹿浜５丁目,21
鹿浜６丁目,21
鹿浜７丁目,21
鹿浜８丁目,21
島根１丁目,21
島根２丁目,21
島根３丁目,21
島根４丁目,21
新田１丁目,21
新田２丁目,21
新田３丁目,21
神明１丁目,21
神明２丁目,21
神明３丁目,21
神明南１丁目,21
神明南２丁目,21
関原１丁目,21
関原２丁目,21
関原３丁目,21
千住１丁目,21
千住２丁目,21
千住３丁目,21
千住４丁目,21
千住５丁目,21
千住　曙町,21
千住　旭町,21
千住　大川町,21
千住　河原町,21
千住　寿町,21
千住　関屋町,21
千住　龍田町,21
千住　中居町,21
千住　仲町,21
千住　橋戸町,21
千住　宮元町,21
千住　元町,21
千住　柳町,21
千住東１丁目,21
千住東２丁目,21
千住桜木１丁目,21
千住桜木２丁目,21
千住緑町１丁目,21
千住緑町２丁目,21
千住緑町３丁目,21
竹の塚１丁目,21
竹の塚２丁目,21
竹の塚３丁目,21
竹の塚４丁目,21
竹の塚５丁目,21
竹の塚６丁目,21
竹の塚７丁目,21
辰沼１丁目,21
辰沼２丁目,21
中央本町１丁目,21
中央本町２丁目,21
中央本町３丁目,21
中央本町４丁目,21
中央本町５丁目,21
椿１丁目,21
椿２丁目,21
東和１丁目,21
東和２丁目,21
東和３丁目,21
東和４丁目,21
東和５丁目,21
舎人１丁目,21
舎人２丁目,21
舎人３丁目,21
舎人４丁目,21
舎人５丁目,21
舎人６丁目,21
舎人町,21
中川１丁目,21
中川２丁目,21
中川３丁目,21
中川４丁目,21
中川５丁目,21
西綾瀬１丁目,21
西綾瀬２丁目,21
西綾瀬３丁目,21
西綾瀬４丁目,21
西新井１丁目,21
西新井２丁目,21
西新井３丁目,21
西新井４丁目,21
西新井５丁目,21
西新井６丁目,21
西新井７丁目,21
西新井栄町１丁目,21
西新井栄町２丁目,21
西新井栄町３丁目,21
西新井本町１丁目,21
西新井本町２丁目,21
西新井本町３丁目,21
西新井本町４丁目,21
西新井本町５丁目,21
西伊興町,21
西加平１丁目,21
西加平２丁目,21
西保木間１丁目,21
西保木間２丁目,21
西保木間３丁目,21
西保木間４丁目,21
花畑１丁目,21
花畑２丁目,21
花畑３丁目,21
花畑４丁目,21
花畑５丁目,21
花畑６丁目,21
花畑７丁目,21
花畑８丁目,21
東綾瀬１丁目,21
東綾瀬２丁目,21
東綾瀬３丁目,21
東保木間１丁目,21
東保木間２丁目,21
東六月町,21
一ツ家１丁目,21
一ツ家２丁目,21
一ツ家３丁目,21
一ツ家４丁目,21
日ノ出町,21
平野１丁目,21
平野２丁目,21
平野３丁目,21
保木間１丁目,21
保木間２丁目,21
保木間３丁目,21
保木間４丁目,21
保木間５丁目,21
保塚町,21
堀之内１丁目,21
堀之内２丁目,21
南花畑１丁目,21
南花畑２丁目,21
南花畑３丁目,21
南花畑４丁目,21
南花畑５丁目,21
宮城１丁目,21
宮城２丁目,21
六木１丁目,21
六木２丁目,21
六木３丁目,21
六木４丁目,21
本木１丁目,21
本木２丁目,21
本木　北町,21
本木　西町,21
本木　東町,21
本木　南町,21
谷在家１丁目,21
谷在家２丁目,21
谷在家３丁目,21
谷中１丁目,21
谷中２丁目,21
谷中３丁目,21
谷中４丁目,21
谷中５丁目,21
柳原１丁目,21
柳原２丁目,21
六月１丁目,21
六月２丁目,21
六月３丁目,21
六町１丁目,21
六町２丁目,21
六町３丁目,21
六町４丁目,21
入谷１丁目,21
入谷２丁目,21
入谷３丁目,21
入谷４丁目,21
入谷５丁目,21
入谷６丁目,21
入谷７丁目,21
入谷８丁目,21
入谷９丁目,21
伊興１丁目,21
伊興２丁目,21
伊興３丁目,21
伊興４丁目,21
伊興５丁目,21
西伊興１丁目,21
西伊興２丁目,21
西伊興３丁目,21
西伊興４丁目,21
西竹の塚１丁目,21
西竹の塚２丁目,21
東伊興１丁目,21
東伊興２丁目,21
東伊興３丁目,21
東伊興４丁目,21
古千谷本町１丁目,21
古千谷本町２丁目,21
古千谷本町３丁目,21
古千谷本町４丁目,21
舎人公園,21
伊興本町１丁目,21
伊興本町２丁目,21
青戸１丁目,22
青戸２丁目,22
青戸３丁目,22
青戸４丁目,22
青戸５丁目,22
青戸６丁目,22
青戸７丁目,22
青戸８丁目,22
奥戸１丁目,22
奥戸２丁目,22
奥戸３丁目,22
奥戸４丁目,22
奥戸５丁目,22
奥戸６丁目,22
奥戸７丁目,22
奥戸８丁目,22
奥戸９丁目,22
お花茶屋１丁目,22
お花茶屋２丁目,22
お花茶屋３丁目,22
金町１丁目,22
金町２丁目,22
金町３丁目,22
金町４丁目,22
金町５丁目,22
金町６丁目,22
金町浄水場,22
鎌倉１丁目,22
鎌倉２丁目,22
鎌倉３丁目,22
鎌倉４丁目,22
亀有１丁目,22
亀有２丁目,22
亀有３丁目,22
亀有４丁目,22
亀有５丁目,22
小菅１丁目,22
小菅２丁目,22
小菅３丁目,22
小菅４丁目,22
柴又１丁目,22
柴又２丁目,22
柴又３丁目,22
柴又４丁目,22
柴又５丁目,22
柴又６丁目,22
柴又７丁目,22
白鳥１丁目,22
白鳥２丁目,22
白鳥３丁目,22
白鳥４丁目,22
新小岩１丁目,22
新小岩２丁目,22
新小岩３丁目,22
新小岩４丁目,22
高砂１丁目,22
高砂２丁目,22
高砂３丁目,22
高砂４丁目,22
高砂５丁目,22
高砂６丁目,22
高砂７丁目,22
高砂８丁目,22
宝町１丁目,22
宝町２丁目,22
立石１丁目,22
立石２丁目,22
立石３丁目,22
立石４丁目,22
立石５丁目,22
立石６丁目,22
立石７丁目,22
立石８丁目,22
新宿１丁目,22
新宿２丁目,22
新宿３丁目,22
新宿４丁目,22
新宿５丁目,22
新宿６丁目,22
西亀有１丁目,22
西亀有２丁目,22
西亀有３丁目,22
西亀有４丁目,22
西新小岩１丁目,22
西新小岩２丁目,22
西新小岩３丁目,22
西新小岩４丁目,22
西新小岩５丁目,22
西水元１丁目,22
西水元２丁目,22
西水元３丁目,22
西水元４丁目,22
西水元５丁目,22
西水元６丁目,22
東金町１丁目,22
東金町２丁目,22
東金町３丁目,22
東金町４丁目,22
東金町５丁目,22
東金町６丁目,22
東金町７丁目,22
東金町８丁目,22
東新小岩１丁目,22
東新小岩２丁目,22
東新小岩３丁目,22
東新小岩４丁目,22
東新小岩５丁目,22
東新小岩６丁目,22
東新小岩７丁目,22
東新小岩８丁目,22
東立石１丁目,22
東立石２丁目,22
東立石３丁目,22
東立石４丁目,22
東堀切１丁目,22
東堀切２丁目,22
東堀切３丁目,22
東水元１丁目,22
東水元２丁目,22
東水元３丁目,22
東水元４丁目,22
東水元５丁目,22
東水元６丁目,22
東四つ木１丁目,22
東四つ木２丁目,22
東四つ木３丁目,22
東四つ木４丁目,22
細田１丁目,22
細田２丁目,22
細田３丁目,22
細田４丁目,22
細田５丁目,22
堀切１丁目,22
堀切２丁目,22
堀切３丁目,22
堀切４丁目,22
堀切５丁目,22
堀切６丁目,22
堀切７丁目,22
堀切８丁目,22
水元１丁目,22
水元２丁目,22
水元３丁目,22
水元４丁目,22
水元５丁目,22
水元公園,22
南水元１丁目,22
南水元２丁目,22
南水元３丁目,22
南水元４丁目,22
四つ木１丁目,22
四つ木２丁目,22
四つ木３丁目,22
四つ木４丁目,22
四つ木５丁目,22
一之江１丁目,23
一之江２丁目,23
一之江３丁目,23
一之江４丁目,23
一之江５丁目,23
一之江６丁目,23
一之江７丁目,23
一之江８丁目,23
一之江町,23
宇喜田町,23
江戸川１丁目,23
江戸川２丁目,23
江戸川３丁目,23
江戸川４丁目,23
江戸川５丁目,23
江戸川６丁目,23
興宮町,23
北葛西１丁目,23
北葛西２丁目,23
北葛西３丁目,23
北葛西４丁目,23
北葛西５丁目,23
北小岩１丁目,23
北小岩２丁目,23
北小岩３丁目,23
北小岩４丁目,23
北小岩５丁目,23
北小岩６丁目,23
北小岩７丁目,23
北小岩８丁目,23
小松川１丁目,23
小松川２丁目,23
小松川３丁目,23
小松川４丁目,23
鹿骨１丁目,23
鹿骨２丁目,23
鹿骨３丁目,23
鹿骨４丁目,23
鹿骨５丁目,23
鹿骨６丁目,23
鹿骨町,23
篠崎町１丁目,23
篠崎町２丁目,23
篠崎町３丁目,23
篠崎町４丁目,23
篠崎町５丁目,23
篠崎町６丁目,23
篠崎町７丁目,23
篠崎町８丁目,23
下篠崎町,23
中央１丁目,23
中央２丁目,23
中央３丁目,23
中央４丁目,23
中葛西１丁目,23
中葛西２丁目,23
中葛西３丁目,23
中葛西４丁目,23
中葛西５丁目,23
中葛西６丁目,23
中葛西７丁目,23
中葛西８丁目,23
新堀１丁目,23
新堀２丁目,23
西一之江１丁目,23
西一之江２丁目,23
西一之江３丁目,23
西一之江４丁目,23
西葛西１丁目,23
西葛西２丁目,23
西葛西３丁目,23
西葛西４丁目,23
西葛西５丁目,23
西葛西６丁目,23
西葛西７丁目,23
西葛西８丁目,23
西小岩１丁目,23
西小岩２丁目,23
西小岩３丁目,23
西小岩４丁目,23
西小岩５丁目,23
西小松川町,23
西瑞江３丁目,23
西瑞江４丁目,23
西瑞江５丁目,23
二之江町,23
春江町１丁目,23
春江町２丁目,23
春江町３丁目,23
春江町４丁目,23
春江町５丁目,23
東葛西１丁目,23
東葛西２丁目,23
東葛西３丁目,23
東葛西４丁目,23
東葛西５丁目,23
東葛西６丁目,23
東葛西７丁目,23
東葛西８丁目,23
東葛西９丁目,23
東小岩１丁目,23
東小岩２丁目,23
東小岩３丁目,23
東小岩４丁目,23
東小岩５丁目,23
東小岩６丁目,23
東小松川１丁目,23
東小松川２丁目,23
東小松川３丁目,23
東小松川４丁目,23
東篠崎町,23
東瑞江１丁目,23
東瑞江２丁目,23
東瑞江３丁目,23
平井１丁目,23
平井２丁目,23
平井３丁目,23
平井４丁目,23
平井５丁目,23
平井６丁目,23
平井７丁目,23
船堀１丁目,23
船堀２丁目,23
船堀３丁目,23
船堀４丁目,23
船堀５丁目,23
船堀６丁目,23
船堀７丁目,23
堀江町,23
松江１丁目,23
松江２丁目,23
松江３丁目,23
松江４丁目,23
松江５丁目,23
松江６丁目,23
松江７丁目,23
松島１丁目,23
松島２丁目,23
松島３丁目,23
松島４丁目,23
南葛西１丁目,23
南葛西２丁目,23
南葛西３丁目,23
南葛西４丁目,23
南葛西５丁目,23
南葛西６丁目,23
南葛西７丁目,23
南小岩１丁目,23
南小岩２丁目,23
南小岩３丁目,23
南小岩４丁目,23
南小岩５丁目,23
南小岩６丁目,23
南小岩７丁目,23
南小岩８丁目,23
南篠崎町１丁目,23
南篠崎町２丁目,23
南篠崎町３丁目,23
南篠崎町４丁目,23
南篠崎町５丁目,23
清新町１丁目,23
清新町２丁目,23
臨海町１丁目,23
臨海町２丁目,23
臨海町３丁目,23
臨海町４丁目,23
臨海町５丁目,23
臨海町６丁目,23
大杉１丁目,23
大杉２丁目,23
大杉３丁目,23
大杉４丁目,23
大杉５丁目,23
上一色１丁目,23
上一色２丁目,23
上一色３丁目,23
本一色１丁目,23
本一色２丁目,23
本一色３丁目,23
松本１丁目,23
松本２丁目,23
東篠崎１丁目,23
東篠崎２丁目,23
瑞江１丁目,23
瑞江２丁目,23
瑞江３丁目,23
瑞江４丁目,23
上篠崎１丁目,23
上篠崎２丁目,23
上篠崎３丁目,23
上篠崎４丁目,23
北篠崎１丁目,23
北篠崎２丁目,23
谷河内１丁目,23
谷河内２丁目,23
東松本１丁目,23
東松本２丁目,23
西篠崎１丁目,23
西篠崎２丁目,23
暁町１丁目,24
暁町２丁目,24
暁町３丁目,24
旭町,24
東町,24
石川町,24
泉町,24
犬目町,24
上野町,24
打越町,24
宇津木町,24
宇津貫町,24
梅坪町,24
裏高尾町,24
追分町,24
大塚,24
大船町,24
大谷町,24
大横町,24
大和田町１丁目,24
大和田町２丁目,24
大和田町３丁目,24
大和田町４丁目,24
大和田町５丁目,24
大和田町６丁目,24
大和田町７丁目,24
小門町,24
尾崎町,24
鹿島,24
加住町１丁目,24
加住町２丁目,24
片倉町,24
叶谷町,24
上壱分方町,24
上川町,24
上柚木,24
上柚木２丁目,24
上柚木３丁目,24
川口町,24
川町,24
北野町,24
清川町,24
椚田町,24
越野,24
小比企町,24
小宮町,24
子安町１丁目,24
子安町２丁目,24
子安町３丁目,24
子安町４丁目,24
左入町,24
散田町１丁目,24
散田町２丁目,24
散田町３丁目,24
散田町４丁目,24
散田町５丁目,24
下恩方町,24
下柚木,24
下柚木２丁目,24
下柚木３丁目,24
新町,24
諏訪町,24
千人町１丁目,24
千人町２丁目,24
千人町３丁目,24
千人町４丁目,24
平町,24
高尾町,24
高倉町,24
滝山町１丁目,24
滝山町２丁目,24
館町,24
田町,24
丹木町１丁目,24
丹木町２丁目,24
丹木町３丁目,24
台町１丁目,24
台町２丁目,24
台町３丁目,24
台町４丁目,24
大楽寺町,24
寺田町,24
寺町,24
天神町,24
戸吹町,24
中町,24
中野　上町１丁目,24
中野　上町２丁目,24
中野　上町３丁目,24
中野　上町４丁目,24
中野　上町５丁目,24
中野　山王１丁目,24
中野　山王２丁目,24
中野　山王３丁目,24
中野町,24
中山,24
長沼町,24
長房町,24
並木町,24
楢原町,24
西浅川町,24
西寺方町,24
弐分方町,24
狭間町,24
八幡町,24
初沢町,24
東浅川町,24
東中野,24
日吉町,24
平岡町,24
富士見町,24
別所１丁目,24
別所２丁目,24
堀之内,24
堀之内２丁目,24
堀之内３丁目,24
本郷町,24
本町,24
松が谷,24
松木,24
丸山町,24
三崎町,24
緑町,24
南浅川町,24
南大沢１丁目,24
南大沢２丁目,24
南大沢３丁目,24
南大沢４丁目,24
南大沢５丁目,24
南新町,24
南町,24
宮下町,24
美山町,24
明神町１丁目,24
明神町２丁目,24
明神町３丁目,24
明神町４丁目,24
めじろ台１丁目,24
めじろ台２丁目,24
めじろ台３丁目,24
めじろ台４丁目,24
元八王子町１丁目,24
元八王子町２丁目,24
元八王子町３丁目,24
元本郷町１丁目,24
元本郷町２丁目,24
元本郷町３丁目,24
元本郷町４丁目,24
元横山町１丁目,24
元横山町２丁目,24
元横山町３丁目,24
八木町,24
谷野町,24
山田町,24
鑓水,24
鑓水２丁目,24
八日町,24
横川町,24
横山町,24
四谷町,24
万町,24
廿里町,24
絹ケ丘１丁目,24
絹ケ丘２丁目,24
絹ケ丘３丁目,24
南陽台１丁目,24
南陽台２丁目,24
南陽台３丁目,24
久保山町１丁目,24
久保山町２丁目,24
北野台１丁目,24
北野台２丁目,24
北野台３丁目,24
北野台４丁目,24
北野台５丁目,24
みつい台１丁目,24
みつい台２丁目,24
城山手１丁目,24
城山手２丁目,24
西片倉１丁目,24
西片倉２丁目,24
西片倉３丁目,24
兵衛１丁目,24
兵衛２丁目,24
みなみ野１丁目,24
みなみ野２丁目,24
みなみ野３丁目,24
みなみ野４丁目,24
みなみ野５丁目,24
みなみ野６丁目,24
七国１丁目,24
七国２丁目,24
七国３丁目,24
七国４丁目,24
七国５丁目,24
七国６丁目,24
曙町１丁目,25
曙町２丁目,25
曙町３丁目,25
泉町,25
柏町１丁目,25
柏町２丁目,25
柏町３丁目,25
柏町４丁目,25
柏町５丁目,25
上砂町１丁目,25
上砂町２丁目,25
上砂町３丁目,25
上砂町４丁目,25
上砂町５丁目,25
上砂町６丁目,25
上砂町７丁目,25
幸町１丁目,25
幸町２丁目,25
幸町３丁目,25
幸町４丁目,25
幸町５丁目,25
幸町６丁目,25
栄町１丁目,25
栄町２丁目,25
栄町３丁目,25
栄町４丁目,25
栄町５丁目,25
栄町６丁目,25
柴崎町１丁目,25
柴崎町２丁目,25
柴崎町３丁目,25
柴崎町４丁目,25
柴崎町５丁目,25
柴崎町６丁目,25
砂川町１丁目,25
砂川町２丁目,25
砂川町３丁目,25
砂川町４丁目,25
砂川町５丁目,25
砂川町６丁目,25
砂川町７丁目,25
砂川町８丁目,25
高松町１丁目,25
高松町２丁目,25
高松町３丁目,25
錦町１丁目,25
錦町２丁目,25
錦町３丁目,25
錦町４丁目,25
錦町５丁目,25
錦町６丁目,25
羽衣町１丁目,25
羽衣町２丁目,25
羽衣町３丁目,25
富士見町１丁目,25
富士見町２丁目,25
富士見町３丁目,25
富士見町４丁目,25
富士見町５丁目,25
富士見町６丁目,25
富士見町７丁目,25
緑町,25
若葉町１丁目,25
若葉町２丁目,25
若葉町３丁目,25
若葉町４丁目,25
一番町１丁目,25
一番町２丁目,25
一番町３丁目,25
一番町４丁目,25
一番町５丁目,25
一番町６丁目,25
西砂町１丁目,25
西砂町２丁目,25
西砂町３丁目,25
西砂町４丁目,25
西砂町５丁目,25
西砂町６丁目,25
吉祥寺　北町１丁目,26
吉祥寺　北町２丁目,26
吉祥寺　北町３丁目,26
吉祥寺　北町４丁目,26
吉祥寺　北町５丁目,26
吉祥寺　東町１丁目,26
吉祥寺　東町２丁目,26
吉祥寺　東町３丁目,26
吉祥寺　東町４丁目,26
吉祥寺　本町１丁目,26
吉祥寺　本町２丁目,26
吉祥寺　本町３丁目,26
吉祥寺　本町４丁目,26
吉祥寺　南町１丁目,26
吉祥寺　南町２丁目,26
吉祥寺　南町３丁目,26
吉祥寺　南町４丁目,26
吉祥寺　南町５丁目,26
境南町１丁目,26
境南町２丁目,26
境南町３丁目,26
境南町４丁目,26
境南町５丁目,26
御殿山１丁目,26
御殿山２丁目,26
境１丁目,26
境２丁目,26
境３丁目,26
境４丁目,26
境５丁目,26
桜堤１丁目,26
桜堤２丁目,26
桜堤３丁目,26
関前１丁目,26
関前２丁目,26
関前３丁目,26
関前４丁目,26
関前５丁目,26
中町１丁目,26
中町２丁目,26
中町３丁目,26
西久保１丁目,26
西久保２丁目,26
西久保３丁目,26
緑町１丁目,26
緑町２丁目,26
緑町３丁目,26
八幡町１丁目,26
八幡町２丁目,26
八幡町３丁目,26
八幡町４丁目,26
井口１丁目,27
井口２丁目,27
井口３丁目,27
井口４丁目,27
井口５丁目,27
井の頭１丁目,27
井の頭２丁目,27
井の頭３丁目,27
井の頭４丁目,27
井の頭５丁目,27
大沢１丁目,27
大沢２丁目,27
大沢３丁目,27
大沢４丁目,27
大沢５丁目,27
大沢６丁目,27
上連雀１丁目,27
上連雀２丁目,27
上連雀３丁目,27
上連雀４丁目,27
上連雀５丁目,27
上連雀６丁目,27
上連雀７丁目,27
上連雀８丁目,27
上連雀９丁目,27
北野１丁目,27
北野２丁目,27
北野３丁目,27
北野４丁目,27
下連雀１丁目,27
下連雀２丁目,27
下連雀３丁目,27
下連雀４丁目,27
下連雀５丁目,27
下連雀６丁目,27
下連雀７丁目,27
下連雀８丁目,27
下連雀９丁目,27
新川１丁目,27
新川２丁目,27
新川３丁目,27
新川４丁目,27
新川５丁目,27
新川６丁目,27
深大寺１丁目,27
深大寺２丁目,27
深大寺３丁目,27
中原１丁目,27
中原２丁目,27
中原３丁目,27
中原４丁目,27
野崎１丁目,27
野崎２丁目,27
野崎３丁目,27
野崎４丁目,27
牟礼１丁目,27
牟礼２丁目,27
牟礼３丁目,27
牟礼４丁目,27
牟礼５丁目,27
牟礼６丁目,27
牟礼７丁目,27
今井１丁目,28
今井２丁目,28
今井３丁目,28
今寺１丁目,28
今寺２丁目,28
今寺３丁目,28
今寺４丁目,28
今寺５丁目,28
小曾木３丁目,28
勝沼１丁目,28
勝沼２丁目,28
勝沼３丁目,28
河辺町１丁目,28
河辺町２丁目,28
河辺町３丁目,28
河辺町４丁目,28
河辺町５丁目,28
河辺町６丁目,28
河辺町７丁目,28
河辺町８丁目,28
河辺町９丁目,28
河辺町１０丁目,28
木野下１丁目,28
木野下２丁目,28
黒沢１丁目,28
黒沢２丁目,28
黒沢３丁目,28
駒木町１丁目,28
駒木町２丁目,28
駒木町３丁目,28
沢井１丁目,28
沢井２丁目,28
沢井３丁目,28
塩船,28
新町１丁目,28
新町２丁目,28
新町３丁目,28
新町４丁目,28
新町５丁目,28
新町６丁目,28
新町７丁目,28
新町８丁目,28
新町９丁目,28
末広町１丁目,28
末広町２丁目,28
大門１丁目,28
大門２丁目,28
大門３丁目,28
千ヶ瀬町１丁目,28
千ヶ瀬町２丁目,28
千ヶ瀬町３丁目,28
千ヶ瀬町４丁目,28
千ヶ瀬町５丁目,28
千ヶ瀬町６丁目,28
友田町１丁目,28
友田町２丁目,28
友田町３丁目,28
友田町４丁目,28
友田町５丁目,28
長淵１丁目,28
長淵２丁目,28
長淵３丁目,28
長淵４丁目,28
長淵５丁目,28
長淵６丁目,28
長淵７丁目,28
長淵８丁目,28
西分町１丁目,28
西分町２丁目,28
西分町３丁目,28
根ヶ布１丁目,28
根ヶ布２丁目,28
野上町１丁目,28
野上町２丁目,28
野上町３丁目,28
野上町４丁目,28
畑中１丁目,28
畑中２丁目,28
畑中３丁目,28
梅郷１丁目,28
梅郷２丁目,28
梅郷３丁目,28
梅郷４丁目,28
梅郷５丁目,28
梅郷６丁目,28
東青梅１丁目,28
東青梅２丁目,28
東青梅３丁目,28
東青梅４丁目,28
東青梅５丁目,28
東青梅６丁目,28
日向和田１丁目,28
日向和田２丁目,28
日向和田３丁目,28
吹上,28
藤橋１丁目,28
藤橋２丁目,28
藤橋３丁目,28
二俣尾１丁目,28
二俣尾２丁目,28
二俣尾３丁目,28
二俣尾４丁目,28
二俣尾５丁目,28
御岳１丁目,28
御岳２丁目,28
御岳本町,28
師岡町１丁目,28
師岡町２丁目,28
師岡町３丁目,28
師岡町４丁目,28
谷野,28
柚木町１丁目,28
柚木町２丁目,28
柚木町３丁目,28
和田町１丁目,28
和田町２丁目,28
天ヶ瀬町,28
裏宿町,28
大柳町,28
上町,28
住江町,28
滝ノ上町,28
仲町,28
本町,28
森下町,28
朝日町１丁目,29
朝日町２丁目,29
朝日町３丁目,29
押立町１丁目,29
押立町２丁目,29
押立町３丁目,29
押立町４丁目,29
押立町５丁目,29
片町１丁目,29
片町２丁目,29
片町３丁目,29
北山町１丁目,29
北山町２丁目,29
北山町３丁目,29
北山町４丁目,29
寿町１丁目,29
寿町２丁目,29
寿町３丁目,29
小柳町１丁目,29
小柳町２丁目,29
小柳町３丁目,29
小柳町４丁目,29
小柳町５丁目,29
小柳町６丁目,29
是政１丁目,29
是政２丁目,29
是政３丁目,29
是政４丁目,29
是政５丁目,29
是政６丁目,29
幸町１丁目,29
幸町２丁目,29
幸町３丁目,29
栄町１丁目,29
栄町２丁目,29
栄町３丁目,29
清水が丘１丁目,29
清水が丘２丁目,29
清水が丘３丁目,29
白糸台１丁目,29
白糸台２丁目,29
白糸台３丁目,29
白糸台４丁目,29
白糸台５丁目,29
白糸台６丁目,29
新町１丁目,29
新町２丁目,29
新町３丁目,29
住吉町１丁目,29
住吉町２丁目,29
住吉町３丁目,29
住吉町４丁目,29
住吉町５丁目,29
浅間町１丁目,29
浅間町２丁目,29
浅間町３丁目,29
浅間町４丁目,29
多磨町１丁目,29
多磨町２丁目,29
多磨町３丁目,29
多磨町４丁目,29
天神町１丁目,29
天神町２丁目,29
天神町３丁目,29
天神町４丁目,29
東芝町,29
西原町１丁目,29
西原町２丁目,29
西原町３丁目,29
西原町４丁目,29
西府町１丁目,29
西府町２丁目,29
西府町３丁目,29
西府町４丁目,29
西府町５丁目,29
日鋼町,29
日新町１丁目,29
日新町２丁目,29
日新町３丁目,29
日新町４丁目,29
日新町５丁目,29
八幡町１丁目,29
八幡町２丁目,29
八幡町３丁目,29
晴見町１丁目,29
晴見町２丁目,29
晴見町３丁目,29
晴見町４丁目,29
日吉町,29
府中町１丁目,29
府中町２丁目,29
府中町３丁目,29
分梅町１丁目,29
分梅町２丁目,29
分梅町３丁目,29
分梅町４丁目,29
分梅町５丁目,29
本宿町１丁目,29
本宿町２丁目,29
本宿町３丁目,29
本宿町４丁目,29
本町１丁目,29
本町２丁目,29
本町３丁目,29
本町４丁目,29
緑町１丁目,29
緑町２丁目,29
緑町３丁目,29
南町１丁目,29
南町２丁目,29
南町３丁目,29
南町４丁目,29
南町５丁目,29
南町６丁目,29
宮西町１丁目,29
宮西町２丁目,29
宮西町３丁目,29
宮西町４丁目,29
宮西町５丁目,29
宮町１丁目,29
宮町２丁目,29
宮町３丁目,29
美好町１丁目,29
美好町２丁目,29
美好町３丁目,29
武蔵台１丁目,29
武蔵台２丁目,29
武蔵台３丁目,29
紅葉丘１丁目,29
紅葉丘２丁目,29
紅葉丘３丁目,29
矢崎町１丁目,29
矢崎町２丁目,29
矢崎町３丁目,29
矢崎町４丁目,29
矢崎町５丁目,29
四谷１丁目,29
四谷２丁目,29
四谷３丁目,29
四谷４丁目,29
四谷５丁目,29
四谷６丁目,29
若松町１丁目,29
若松町２丁目,29
若松町３丁目,29
若松町４丁目,29
若松町５丁目,29
朝日町１丁目,30
朝日町２丁目,30
朝日町３丁目,30
朝日町４丁目,30
朝日町５丁目,30
東町１丁目,30
東町２丁目,30
東町３丁目,30
東町４丁目,30
東町５丁目,30
大神町,30
大神町１丁目,30
大神町２丁目,30
大神町３丁目,30
大神町４丁目,30
郷地町,30
郷地町１丁目,30
郷地町２丁目,30
郷地町３丁目,30
昭和町１丁目,30
昭和町２丁目,30
昭和町３丁目,30
昭和町４丁目,30
昭和町５丁目,30
上川原町,30
上川原町１丁目,30
上川原町２丁目,30
上川原町３丁目,30
田中町,30
田中町１丁目,30
田中町２丁目,30
田中町３丁目,30
田中町４丁目,30
玉川町１丁目,30
玉川町２丁目,30
玉川町３丁目,30
玉川町４丁目,30
玉川町５丁目,30
築地町,30
つつじが丘１丁目,30
つつじが丘２丁目,30
つつじが丘３丁目,30
中神町,30
中神町１丁目,30
中神町２丁目,30
中神町３丁目,30
拝島町,30
拝島町１丁目,30
拝島町２丁目,30
拝島町３丁目,30
拝島町４丁目,30
拝島町５丁目,30
福島町,30
福島町１丁目,30
福島町２丁目,30
福島町３丁目,30
松原町１丁目,30
松原町２丁目,30
松原町３丁目,30
松原町４丁目,30
松原町５丁目,30
緑町１丁目,30
緑町２丁目,30
緑町３丁目,30
緑町４丁目,30
緑町５丁目,30
美堀町１丁目,30
美堀町２丁目,30
美堀町３丁目,30
美堀町４丁目,30
美堀町５丁目,30
武蔵野２丁目,30
武蔵野３丁目,30
宮沢町,30
宮沢町１丁目,30
宮沢町２丁目,30
宮沢町３丁目,30
入間町１丁目,31
入間町２丁目,31
入間町３丁目,31
上石原１丁目,31
上石原２丁目,31
上石原３丁目,31
菊野台１丁目,31
菊野台２丁目,31
菊野台３丁目,31
国領町１丁目,31
国領町２丁目,31
国領町３丁目,31
国領町４丁目,31
国領町５丁目,31
国領町６丁目,31
国領町７丁目,31
国領町８丁目,31
小島町１丁目,31
小島町２丁目,31
小島町３丁目,31
佐須町１丁目,31
佐須町２丁目,31
佐須町３丁目,31
佐須町４丁目,31
佐須町５丁目,31
柴崎１丁目,31
柴崎２丁目,31
下石原１丁目,31
下石原２丁目,31
下石原３丁目,31
仙川町１丁目,31
仙川町２丁目,31
仙川町３丁目,31
染地１丁目,31
染地２丁目,31
染地３丁目,31
多摩川１丁目,31
多摩川２丁目,31
多摩川３丁目,31
多摩川４丁目,31
多摩川５丁目,31
多摩川６丁目,31
多摩川７丁目,31
調布ケ丘１丁目,31
調布ケ丘２丁目,31
調布ケ丘３丁目,31
調布ケ丘４丁目,31
飛田給１丁目,31
飛田給２丁目,31
飛田給３丁目,31
西つつじケ丘１丁目,31
西つつじケ丘２丁目,31
西つつじケ丘３丁目,31
西つつじケ丘４丁目,31
西町,31
野水１丁目,31
野水２丁目,31
東つつじケ丘１丁目,31
東つつじケ丘２丁目,31
東つつじケ丘３丁目,31
富士見町１丁目,31
富士見町２丁目,31
富士見町３丁目,31
富士見町４丁目,31
布田１丁目,31
布田２丁目,31
布田３丁目,31
布田４丁目,31
布田５丁目,31
布田６丁目,31
緑ケ丘１丁目,31
緑ケ丘２丁目,31
若葉町１丁目,31
若葉町２丁目,31
若葉町３丁目,31
深大寺北町１丁目,31
深大寺北町２丁目,31
深大寺北町３丁目,31
深大寺北町４丁目,31
深大寺北町５丁目,31
深大寺北町６丁目,31
深大寺北町７丁目,31
深大寺東町１丁目,31
深大寺東町２丁目,31
深大寺東町３丁目,31
深大寺東町４丁目,31
深大寺東町５丁目,31
深大寺東町６丁目,31
深大寺東町７丁目,31
深大寺東町８丁目,31
深大寺南町１丁目,31
深大寺南町２丁目,31
深大寺南町３丁目,31
深大寺南町４丁目,31
深大寺南町５丁目,31
深大寺元町１丁目,31
深大寺元町２丁目,31
深大寺元町３丁目,31
深大寺元町４丁目,31
深大寺元町５丁目,31
八雲台１丁目,31
八雲台２丁目,31
相原町,32
旭町１丁目,32
旭町２丁目,32
旭町３丁目,32
大蔵町,32
小川,32
小川１丁目,32
小川２丁目,32
小川３丁目,32
小川４丁目,32
小野路町,32
小山町,32
金井町,32
金森１丁目,32
金森２丁目,32
金森３丁目,32
金森４丁目,32
金森５丁目,32
金森６丁目,32
金森７丁目,32
上小山田町,32
木曽町,32
下小山田町,32
真光寺町,32
図師町,32
忠生１丁目,32
忠生２丁目,32
忠生３丁目,32
忠生４丁目,32
玉川学園１丁目,32
玉川学園２丁目,32
玉川学園３丁目,32
玉川学園４丁目,32
玉川学園５丁目,32
玉川学園６丁目,32
玉川学園７丁目,32
玉川学園８丁目,32
つくし野１丁目,32
つくし野２丁目,32
つくし野３丁目,32
つくし野４丁目,32
鶴川１丁目,32
鶴川２丁目,32
鶴川３丁目,32
鶴川４丁目,32
鶴川５丁目,32
鶴川６丁目,32
鶴間,32
鶴間１丁目,32
鶴間２丁目,32
鶴間３丁目,32
常盤町,32
中町１丁目,32
中町２丁目,32
中町３丁目,32
中町４丁目,32
成瀬１丁目,32
成瀬２丁目,32
成瀬３丁目,32
成瀬４丁目,32
成瀬５丁目,32
成瀬６丁目,32
成瀬７丁目,32
成瀬８丁目,32
成瀬台１丁目,32
成瀬台２丁目,32
成瀬台３丁目,32
成瀬台４丁目,32
根岸町,32
野津田町,32
原町田１丁目,32
原町田２丁目,32
原町田３丁目,32
原町田４丁目,32
原町田５丁目,32
原町田６丁目,32
東玉川学園１丁目,32
東玉川学園２丁目,32
東玉川学園３丁目,32
東玉川学園４丁目,32
広袴町,32
本町田,32
南大谷,32
南つくし野１丁目,32
南つくし野２丁目,32
南つくし野３丁目,32
南つくし野４丁目,32
南成瀬１丁目,32
南成瀬２丁目,32
南成瀬３丁目,32
南成瀬４丁目,32
南成瀬５丁目,32
南成瀬６丁目,32
南成瀬７丁目,32
南成瀬８丁目,32
三輪町,32
森野１丁目,32
森野２丁目,32
森野３丁目,32
森野４丁目,32
森野５丁目,32
森野６丁目,32
矢部町,32
山崎町,32
小山田桜台１丁目,32
小山田桜台２丁目,32
薬師台１丁目,32
薬師台２丁目,32
薬師台３丁目,32
成瀬が丘１丁目,32
成瀬が丘２丁目,32
成瀬が丘３丁目,32
三輪緑山１丁目,32
三輪緑山２丁目,32
三輪緑山３丁目,32
三輪緑山４丁目,32
金井１丁目,32
金井２丁目,32
金井３丁目,32
金井４丁目,32
金井５丁目,32
金井６丁目,32
金井７丁目,32
金井８丁目,32
真光寺１丁目,32
真光寺２丁目,32
真光寺３丁目,32
広袴１丁目,32
広袴２丁目,32
広袴３丁目,32
広袴４丁目,32
小山ヶ丘１丁目,32
小山ヶ丘２丁目,32
小山ヶ丘３丁目,32
小山ヶ丘４丁目,32
小山ヶ丘５丁目,32
小山ヶ丘６丁目,32
木曽西１丁目,32
木曽西２丁目,32
木曽西３丁目,32
木曽西４丁目,32
木曽西５丁目,32
木曽東１丁目,32
木曽東２丁目,32
木曽東３丁目,32
木曽東４丁目,32
山崎１丁目,32
能ヶ谷１丁目,32
能ヶ谷２丁目,32
能ヶ谷３丁目,32
能ヶ谷４丁目,32
能ヶ谷５丁目,32
能ヶ谷６丁目,32
能ヶ谷７丁目,32
根岸１丁目,32
根岸２丁目,32
金森東１丁目,32
金森東２丁目,32
金森東３丁目,32
金森東４丁目,32
高ヶ坂１丁目,32
高ヶ坂２丁目,32
高ヶ坂３丁目,32
高ヶ坂４丁目,32
高ヶ坂５丁目,32
高ヶ坂６丁目,32
高ヶ坂７丁目,32
西成瀬１丁目,32
西成瀬２丁目,32
西成瀬３丁目,32
梶野町１丁目,33
梶野町２丁目,33
梶野町３丁目,33
梶野町４丁目,33
梶野町５丁目,33
桜町１丁目,33
桜町２丁目,33
桜町３丁目,33
関野町１丁目,33
関野町２丁目,33
中町１丁目,33
中町２丁目,33
中町３丁目,33
中町４丁目,33
貫井北町１丁目,33
貫井北町２丁目,33
貫井北町３丁目,33
貫井北町４丁目,33
貫井北町５丁目,33
貫井南町１丁目,33
貫井南町２丁目,33
貫井南町３丁目,33
貫井南町４丁目,33
貫井南町５丁目,33
東町１丁目,33
東町２丁目,33
東町３丁目,33
東町４丁目,33
東町５丁目,33
本町１丁目,33
本町２丁目,33
本町３丁目,33
本町４丁目,33
本町５丁目,33
本町６丁目,33
前原町１丁目,33
前原町２丁目,33
前原町３丁目,33
前原町４丁目,33
前原町５丁目,33
緑町１丁目,33
緑町２丁目,33
緑町３丁目,33
緑町４丁目,33
緑町５丁目,33
大沼町１丁目,34
大沼町２丁目,34
大沼町３丁目,34
大沼町４丁目,34
大沼町５丁目,34
大沼町６丁目,34
大沼町７丁目,34
小川西町１丁目,34
小川西町２丁目,34
小川西町３丁目,34
小川西町４丁目,34
小川西町５丁目,34
小川東町,34
小川東町１丁目,34
小川東町２丁目,34
小川東町３丁目,34
小川東町４丁目,34
小川東町５丁目,34
小川町１丁目,34
小川町２丁目,34
学園西町１丁目,34
学園西町２丁目,34
学園西町３丁目,34
学園東町,34
学園東町１丁目,34
学園東町２丁目,34
学園東町３丁目,34
喜平町１丁目,34
喜平町２丁目,34
喜平町３丁目,34
栄町１丁目,34
栄町２丁目,34
栄町３丁目,34
上水新町１丁目,34
上水新町２丁目,34
上水新町３丁目,34
上水本町１丁目,34
上水本町２丁目,34
上水本町３丁目,34
上水本町４丁目,34
上水本町５丁目,34
上水本町６丁目,34
上水南町１丁目,34
上水南町２丁目,34
上水南町３丁目,34
上水南町４丁目,34
鈴木町１丁目,34
鈴木町２丁目,34
たかの台,34
津田町１丁目,34
津田町２丁目,34
津田町３丁目,34
天神町１丁目,34
天神町２丁目,34
天神町３丁目,34
天神町４丁目,34
中島町,34
仲町,34
花小金井１丁目,34
花小金井２丁目,34
花小金井３丁目,34
花小金井４丁目,34
花小金井５丁目,34
花小金井６丁目,34
花小金井７丁目,34
花小金井８丁目,34
花小金井南町１丁目,34
花小金井南町２丁目,34
花小金井南町３丁目,34
美園町１丁目,34
美園町２丁目,34
美園町３丁目,34
御幸町,34
回田町,34
旭が丘１丁目,35
旭が丘２丁目,35
旭が丘３丁目,35
旭が丘４丁目,35
旭が丘５丁目,35
旭が丘６丁目,35
大字新井,35
大字石田,35
落川,35
大字上田,35
大字川辺堀之内,35
栄町１丁目,35
栄町２丁目,35
栄町３丁目,35
栄町４丁目,35
栄町５丁目,35
さくら町,35
新町１丁目,35
新町２丁目,35
新町３丁目,35
新町４丁目,35
新町５丁目,35
高幡,35
多摩平１丁目,35
多摩平２丁目,35
多摩平３丁目,35
多摩平４丁目,35
多摩平５丁目,35
多摩平６丁目,35
多摩平７丁目,35
豊田１丁目,35
豊田２丁目,35
豊田３丁目,35
豊田４丁目,35
大字豊田,35
西平山１丁目,35
西平山２丁目,35
西平山３丁目,35
西平山４丁目,35
西平山５丁目,35
東豊田１丁目,35
東豊田２丁目,35
東豊田３丁目,35
東豊田４丁目,35
東平山１丁目,35
東平山２丁目,35
東平山３丁目,35
大字日野,35
日野台１丁目,35
日野台２丁目,35
日野台３丁目,35
日野台４丁目,35
日野台５丁目,35
平山１丁目,35
平山２丁目,35
平山３丁目,35
平山４丁目,35
平山５丁目,35
平山６丁目,35
富士町,35
程久保,35
程久保１丁目,35
程久保２丁目,35
程久保３丁目,35
程久保４丁目,35
程久保５丁目,35
程久保６丁目,35
程久保７丁目,35
程久保８丁目,35
三沢,35
三沢１丁目,35
三沢２丁目,35
三沢３丁目,35
三沢４丁目,35
三沢５丁目,35
南平１丁目,35
南平２丁目,35
南平３丁目,35
南平４丁目,35
南平５丁目,35
南平６丁目,35
南平７丁目,35
南平８丁目,35
南平９丁目,35
大字宮,35
百草,35
大坂上１丁目,35
大坂上２丁目,35
大坂上３丁目,35
大坂上４丁目,35
神明１丁目,35
神明２丁目,35
神明３丁目,35
神明４丁目,35
日野本町１丁目,35
日野本町２丁目,35
日野本町３丁目,35
日野本町４丁目,35
日野本町５丁目,35
日野本町６丁目,35
日野本町７丁目,35
石田１丁目,35
石田２丁目,35
万願寺１丁目,35
万願寺２丁目,35
万願寺３丁目,35
万願寺４丁目,35
万願寺５丁目,35
万願寺６丁目,35
青葉町１丁目,36
青葉町２丁目,36
青葉町３丁目,36
青葉町４丁目,36
秋津町１丁目,36
秋津町２丁目,36
秋津町３丁目,36
秋津町４丁目,36
秋津町５丁目,36
恩多町１丁目,36
恩多町２丁目,36
恩多町３丁目,36
恩多町４丁目,36
恩多町５丁目,36
久米川町１丁目,36
久米川町２丁目,36
久米川町３丁目,36
久米川町４丁目,36
久米川町５丁目,36
栄町１丁目,36
栄町２丁目,36
栄町３丁目,36
諏訪町１丁目,36
諏訪町２丁目,36
諏訪町３丁目,36
多摩湖町１丁目,36
多摩湖町２丁目,36
多摩湖町３丁目,36
多摩湖町４丁目,36
野口町１丁目,36
野口町２丁目,36
野口町３丁目,36
野口町４丁目,36
萩山町１丁目,36
萩山町２丁目,36
萩山町３丁目,36
萩山町４丁目,36
萩山町５丁目,36
富士見町１丁目,36
富士見町２丁目,36
富士見町３丁目,36
富士見町４丁目,36
富士見町５丁目,36
本町１丁目,36
本町２丁目,36
本町３丁目,36
本町４丁目,36
美住町１丁目,36
美住町２丁目,36
廻田町１丁目,36
廻田町２丁目,36
廻田町３丁目,36
廻田町４丁目,36
泉町１丁目,37
泉町２丁目,37
泉町３丁目,37
北町１丁目,37
北町２丁目,37
北町３丁目,37
北町４丁目,37
北町５丁目,37
新町１丁目,37
新町２丁目,37
新町３丁目,37
高木町１丁目,37
高木町２丁目,37
高木町３丁目,37
戸倉１丁目,37
戸倉２丁目,37
戸倉３丁目,37
戸倉４丁目,37
内藤１丁目,37
内藤２丁目,37
並木町１丁目,37
並木町２丁目,37
並木町３丁目,37
西恋ケ窪１丁目,37
西恋ケ窪２丁目,37
西恋ケ窪３丁目,37
西恋ケ窪４丁目,37
西町１丁目,37
西町２丁目,37
西町３丁目,37
西町４丁目,37
西町５丁目,37
西元町１丁目,37
西元町２丁目,37
西元町３丁目,37
西元町４丁目,37
光町１丁目,37
光町２丁目,37
光町３丁目,37
東恋ケ窪１丁目,37
東恋ケ窪２丁目,37
東恋ケ窪３丁目,37
東恋ケ窪４丁目,37
東恋ケ窪５丁目,37
東恋ケ窪６丁目,37
東戸倉１丁目,37
東戸倉２丁目,37
東元町１丁目,37
東元町２丁目,37
東元町３丁目,37
東元町４丁目,37
日吉町１丁目,37
日吉町２丁目,37
日吉町３丁目,37
日吉町４丁目,37
富士本１丁目,37
富士本２丁目,37
富士本３丁目,37
本多１丁目,37
本多２丁目,37
本多３丁目,37
本多４丁目,37
本多５丁目,37
本町１丁目,37
本町２丁目,37
本町３丁目,37
本町４丁目,37
南町１丁目,37
南町２丁目,37
南町３丁目,37
青柳,38
青柳１丁目,38
青柳３丁目,38
石田,38
北１丁目,38
北２丁目,38
北３丁目,38
中１丁目,38
中２丁目,38
中３丁目,38
西１丁目,38
西２丁目,38
西３丁目,38
東１丁目,38
東２丁目,38
東３丁目,38
東４丁目,38
富士見台１丁目,38
富士見台２丁目,38
富士見台３丁目,38
富士見台４丁目,38
谷保,38
谷保６丁目,38
泉１丁目,38
泉２丁目,38
泉３丁目,38
泉４丁目,38
泉５丁目,38
矢川３丁目,38
牛浜,39
加美平１丁目,39
加美平２丁目,39
加美平３丁目,39
加美平４丁目,39
北田園１丁目,39
北田園２丁目,39
大字熊川,39
志茂,39
大字福生,39
本町,39
南田園１丁目,39
南田園２丁目,39
南田園３丁目,39
武蔵野台１丁目,39
武蔵野台２丁目,39
東町,39
大字熊川二宮,39
大字福生二宮,39
和泉本町１丁目,40
和泉本町２丁目,40
和泉本町３丁目,40
和泉本町４丁目,40
猪方１丁目,40
猪方２丁目,40
猪方３丁目,40
猪方４丁目,40
岩戸北１丁目,40
岩戸北２丁目,40
岩戸北３丁目,40
岩戸北４丁目,40
岩戸南１丁目,40
岩戸南２丁目,40
岩戸南３丁目,40
岩戸南４丁目,40
中和泉１丁目,40
中和泉２丁目,40
中和泉３丁目,40
中和泉４丁目,40
中和泉５丁目,40
西和泉１丁目,40
西和泉２丁目,40
西野川１丁目,40
西野川２丁目,40
西野川３丁目,40
西野川４丁目,40
東和泉１丁目,40
東和泉２丁目,40
東和泉３丁目,40
東和泉４丁目,40
東野川１丁目,40
東野川２丁目,40
東野川３丁目,40
東野川４丁目,40
元和泉１丁目,40
元和泉２丁目,40
元和泉３丁目,40
駒井町１丁目,40
駒井町２丁目,40
駒井町３丁目,40
芋窪１丁目,41
芋窪２丁目,41
芋窪３丁目,41
芋窪４丁目,41
芋窪５丁目,41
芋窪６丁目,41
上北台１丁目,41
上北台２丁目,41
上北台３丁目,41
清原１丁目,41
清原２丁目,41
清原３丁目,41
清原４丁目,41
湖畔１丁目,41
湖畔２丁目,41
湖畔３丁目,41
桜が丘１丁目,41
桜が丘２丁目,41
桜が丘３丁目,41
桜が丘４丁目,41
狭山１丁目,41
狭山２丁目,41
狭山３丁目,41
狭山４丁目,41
狭山５丁目,41
清水１丁目,41
清水２丁目,41
清水３丁目,41
清水４丁目,41
清水５丁目,41
清水６丁目,41
新堀１丁目,41
新堀２丁目,41
新堀３丁目,41
蔵敷１丁目,41
蔵敷２丁目,41
蔵敷３丁目,41
高木１丁目,41
高木２丁目,41
高木３丁目,41
立野１丁目,41
立野２丁目,41
立野３丁目,41
立野４丁目,41
多摩湖４丁目,41
中央１丁目,41
中央２丁目,41
中央３丁目,41
中央４丁目,41
仲原１丁目,41
仲原２丁目,41
仲原３丁目,41
仲原４丁目,41
奈良橋１丁目,41
奈良橋２丁目,41
奈良橋３丁目,41
奈良橋４丁目,41
奈良橋５丁目,41
奈良橋６丁目,41
南街１丁目,41
南街２丁目,41
南街３丁目,41
南街４丁目,41
南街５丁目,41
南街６丁目,41
向原１丁目,41
向原２丁目,41
向原３丁目,41
向原４丁目,41
向原５丁目,41
向原６丁目,41
旭が丘１丁目,42
旭が丘２丁目,42
旭が丘３丁目,42
旭が丘４丁目,42
旭が丘５丁目,42
旭が丘６丁目,42
梅園１丁目,42
梅園２丁目,42
梅園３丁目,42
上清戸１丁目,42
上清戸２丁目,42
下宿１丁目,42
下宿２丁目,42
下宿３丁目,42
下清戸１丁目,42
下清戸２丁目,42
下清戸３丁目,42
下清戸４丁目,42
下清戸５丁目,42
竹丘１丁目,42
竹丘２丁目,42
竹丘３丁目,42
中清戸１丁目,42
中清戸２丁目,42
中清戸３丁目,42
中清戸４丁目,42
中清戸５丁目,42
中里１丁目,42
中里２丁目,42
中里３丁目,42
中里４丁目,42
中里５丁目,42
中里６丁目,42
野塩１丁目,42
野塩２丁目,42
野塩３丁目,42
野塩４丁目,42
野塩５丁目,42
松山１丁目,42
松山２丁目,42
松山３丁目,42
元町１丁目,42
元町２丁目,42
上の原１丁目,43
上の原２丁目,43
金山町１丁目,43
金山町２丁目,43
学園町１丁目,43
学園町２丁目,43
小山１丁目,43
小山２丁目,43
小山３丁目,43
小山４丁目,43
小山５丁目,43
幸町１丁目,43
幸町２丁目,43
幸町３丁目,43
幸町４丁目,43
幸町５丁目,43
下里１丁目,43
下里２丁目,43
下里３丁目,43
下里４丁目,43
下里５丁目,43
下里６丁目,43
下里７丁目,43
新川町１丁目,43
新川町２丁目,43
神宝町１丁目,43
神宝町２丁目,43
浅間町１丁目,43
浅間町２丁目,43
浅間町３丁目,43
滝山１丁目,43
滝山２丁目,43
滝山３丁目,43
滝山４丁目,43
滝山５丁目,43
滝山６丁目,43
滝山７丁目,43
大門町１丁目,43
大門町２丁目,43
中央町１丁目,43
中央町２丁目,43
中央町３丁目,43
中央町４丁目,43
中央町５丁目,43
中央町６丁目,43
野火止１丁目,43
野火止２丁目,43
野火止３丁目,43
八幡町１丁目,43
八幡町２丁目,43
八幡町３丁目,43
氷川台１丁目,43
氷川台２丁目,43
東本町,43
ひばりが丘団地,43
本町１丁目,43
本町２丁目,43
本町３丁目,43
本町４丁目,43
前沢１丁目,43
前沢２丁目,43
前沢３丁目,43
前沢４丁目,43
前沢５丁目,43
南沢１丁目,43
南沢２丁目,43
南沢３丁目,43
南沢４丁目,43
南沢５丁目,43
南町１丁目,43
南町２丁目,43
南町３丁目,43
南町４丁目,43
柳窪１丁目,43
柳窪２丁目,43
柳窪３丁目,43
柳窪４丁目,43
柳窪５丁目,43
弥生１丁目,43
弥生２丁目,43
伊奈平１丁目,44
伊奈平２丁目,44
伊奈平３丁目,44
伊奈平４丁目,44
伊奈平５丁目,44
伊奈平６丁目,44
榎１丁目,44
榎２丁目,44
榎３丁目,44
大南１丁目,44
大南２丁目,44
大南３丁目,44
大南４丁目,44
大南５丁目,44
学園１丁目,44
学園２丁目,44
学園３丁目,44
学園４丁目,44
学園５丁目,44
残堀１丁目,44
残堀２丁目,44
残堀４丁目,44
残堀５丁目,44
三ツ藤１丁目,44
三ツ藤２丁目,44
三ツ藤３丁目,44
神明１丁目,44
神明２丁目,44
神明３丁目,44
神明４丁目,44
中藤１丁目,44
中藤２丁目,44
中藤３丁目,44
中藤４丁目,44
中藤５丁目,44
中央１丁目,44
中央２丁目,44
中央３丁目,44
中央４丁目,44
本町１丁目,44
本町２丁目,44
本町３丁目,44
本町４丁目,44
本町５丁目,44
緑が丘,44
三ツ木１丁目,44
三ツ木２丁目,44
三ツ木３丁目,44
三ツ木５丁目,44
岸１丁目,44
岸２丁目,44
岸３丁目,44
中原１丁目,44
中原２丁目,44
中原３丁目,44
中原４丁目,44
愛宕１丁目,45
愛宕２丁目,45
愛宕４丁目,45
一ノ宮１丁目,45
一ノ宮２丁目,45
一ノ宮３丁目,45
一ノ宮４丁目,45
落合１丁目,45
落合２丁目,45
落合３丁目,45
落合４丁目,45
落合５丁目,45
落合６丁目,45
落川,45
貝取,45
貝取１丁目,45
貝取２丁目,45
貝取３丁目,45
貝取４丁目,45
貝取５丁目,45
乞田,45
桜ヶ丘１丁目,45
桜ヶ丘２丁目,45
桜ヶ丘３丁目,45
桜ヶ丘４丁目,45
諏訪１丁目,45
諏訪２丁目,45
諏訪３丁目,45
諏訪４丁目,45
諏訪５丁目,45
諏訪６丁目,45
関戸１丁目,45
関戸２丁目,45
関戸３丁目,45
関戸４丁目,45
関戸５丁目,45
関戸６丁目,45
鶴牧１丁目,45
鶴牧２丁目,45
鶴牧３丁目,45
鶴牧４丁目,45
鶴牧５丁目,45
鶴牧６丁目,45
豊ヶ丘１丁目,45
豊ヶ丘２丁目,45
豊ヶ丘３丁目,45
豊ヶ丘４丁目,45
豊ヶ丘５丁目,45
豊ヶ丘６丁目,45
永山１丁目,45
永山２丁目,45
永山３丁目,45
永山４丁目,45
永山５丁目,45
永山６丁目,45
永山７丁目,45
東寺方,45
東寺方１丁目,45
聖ヶ丘１丁目,45
聖ヶ丘２丁目,45
聖ヶ丘３丁目,45
聖ヶ丘４丁目,45
聖ヶ丘５丁目,45
南野１丁目,45
南野２丁目,45
南野３丁目,45
百草,45
連光寺,45
連光寺１丁目,45
連光寺２丁目,45
連光寺３丁目,45
連光寺４丁目,45
連光寺５丁目,45
連光寺６丁目,45
和田,45
和田３丁目,45
馬引沢１丁目,45
馬引沢２丁目,45
唐木田１丁目,45
唐木田２丁目,45
唐木田３丁目,45
山王下１丁目,45
山王下２丁目,45
中沢１丁目,45
中沢２丁目,45
大丸,46
押立,46
坂浜,46
東長沼,46
平尾,46
平尾１丁目,46
平尾２丁目,46
平尾３丁目,46
百村,46
矢野口,46
向陽台１丁目,46
向陽台２丁目,46
向陽台３丁目,46
向陽台４丁目,46
向陽台５丁目,46
向陽台６丁目,46
長峰１丁目,46
長峰２丁目,46
長峰３丁目,46
若葉台１丁目,46
若葉台２丁目,46
若葉台３丁目,46
若葉台４丁目,46
川崎１丁目,47
川崎２丁目,47
川崎３丁目,47
川崎４丁目,47
五ノ神,47
五ノ神１丁目,47
五ノ神２丁目,47
五ノ神３丁目,47
五ノ神４丁目,47
栄町１丁目,47
栄町２丁目,47
栄町３丁目,47
神明台１丁目,47
神明台２丁目,47
神明台３丁目,47
神明台４丁目,47
玉川１丁目,47
玉川２丁目,47
羽,47
羽加美１丁目,47
羽加美２丁目,47
羽加美３丁目,47
羽加美４丁目,47
羽中１丁目,47
羽中２丁目,47
羽中３丁目,47
羽中４丁目,47
羽西１丁目,47
羽西２丁目,47
羽西３丁目,47
羽東１丁目,47
羽東２丁目,47
羽東３丁目,47
富士見平１丁目,47
富士見平２丁目,47
富士見平３丁目,47
双葉町１丁目,47
双葉町２丁目,47
双葉町３丁目,47
緑ヶ丘１丁目,47
緑ヶ丘２丁目,47
緑ヶ丘３丁目,47
緑ヶ丘４丁目,47
緑ヶ丘５丁目,47
小作台１丁目,47
小作台２丁目,47
小作台３丁目,47
小作台４丁目,47
小作台５丁目,47
秋川１丁目,48
秋川２丁目,48
秋川３丁目,48
秋川４丁目,48
秋川５丁目,48
秋川６丁目,48
油平,48
雨間,48
五日市,48
伊奈,48
入野,48
牛沼,48
小川,48
小川東１丁目,48
小川東２丁目,48
小川東３丁目,48
上代継,48
草花,48
小中野,48
小峰台,48
三内,48
下代継,48
瀬戸岡,48
高尾,48
舘谷,48
留原,48
二宮,48
二宮東１丁目,48
二宮東２丁目,48
二宮東３丁目,48
野辺,48
原小宮,48
原小宮１丁目,48
原小宮２丁目,48
引田,48
平沢,48
平沢東１丁目,48
渕上,48
山田,48
横沢,48
舘谷台,48
秋留１丁目,48
秋留２丁目,48
秋留３丁目,48
秋留４丁目,48
秋留５丁目,48
平沢西１丁目,48
泉町１丁目,49
泉町２丁目,49
泉町３丁目,49
泉町４丁目,49
泉町５丁目,49
泉町６丁目,49
北原町１丁目,49
北原町２丁目,49
北原町３丁目,49
北町１丁目,49
北町２丁目,49
北町３丁目,49
北町４丁目,49
北町５丁目,49
北町６丁目,49
栄町１丁目,49
栄町２丁目,49
栄町３丁目,49
芝久保町１丁目,49
芝久保町２丁目,49
芝久保町３丁目,49
芝久保町４丁目,49
芝久保町５丁目,49
下保谷１丁目,49
下保谷２丁目,49
下保谷３丁目,49
下保谷４丁目,49
下保谷５丁目,49
新町１丁目,49
新町２丁目,49
新町３丁目,49
新町４丁目,49
新町５丁目,49
新町６丁目,49
住吉町１丁目,49
住吉町２丁目,49
住吉町３丁目,49
住吉町４丁目,49
住吉町５丁目,49
住吉町６丁目,49
田無町１丁目,49
田無町２丁目,49
田無町３丁目,49
田無町４丁目,49
田無町５丁目,49
田無町６丁目,49
田無町７丁目,49
中町１丁目,49
中町２丁目,49
中町３丁目,49
中町４丁目,49
中町５丁目,49
中町６丁目,49
西原町１丁目,49
西原町２丁目,49
西原町３丁目,49
西原町４丁目,49
西原町５丁目,49
東町１丁目,49
東町２丁目,49
東町３丁目,49
東町４丁目,49
東町５丁目,49
東町６丁目,49
東伏見１丁目,49
東伏見２丁目,49
東伏見３丁目,49
東伏見４丁目,49
東伏見５丁目,49
東伏見６丁目,49
ひばりが丘１丁目,49
ひばりが丘２丁目,49
ひばりが丘３丁目,49
ひばりが丘４丁目,49
ひばりが丘北１丁目,49
ひばりが丘北２丁目,49
ひばりが丘北３丁目,49
ひばりが丘北４丁目,49
富士町１丁目,49
富士町２丁目,49
富士町３丁目,49
富士町４丁目,49
富士町５丁目,49
富士町６丁目,49
保谷町１丁目,49
保谷町２丁目,49
保谷町３丁目,49
保谷町４丁目,49
保谷町５丁目,49
保谷町６丁目,49
緑町１丁目,49
緑町２丁目,49
緑町３丁目,49
南町１丁目,49
南町２丁目,49
南町３丁目,49
南町４丁目,49
南町５丁目,49
南町６丁目,49
向台町１丁目,49
向台町２丁目,49
向台町３丁目,49
向台町４丁目,49
向台町５丁目,49
向台町６丁目,49
柳沢１丁目,49
柳沢２丁目,49
柳沢３丁目,49
柳沢４丁目,49
柳沢５丁目,49
柳沢６丁目,49
谷戸町１丁目,49
谷戸町２丁目,49
谷戸町３丁目,49
大字石畑,50
大字駒形富士山,50
大字高根,50
大字殿ケ谷,50
大字長岡下師岡,50
大字長岡長谷部,50
大字二本木,50
大字箱根ケ崎,50
大字富士山栗原新田,50
大字武蔵,50
長岡１丁目,50
長岡２丁目,50
長岡３丁目,50
長岡４丁目,50
箱根ケ崎西松原,50
箱根ケ崎東松原,50
南平１丁目,50
南平２丁目,50
むさし野１丁目,50
むさし野２丁目,50
むさし野３丁目,50
大字大久野,51
大字平井,51